method,case,episode,seed,success,hit_count,hit_indices,done_reason,final_step,final_time_s,offensive_alive,defensive_alive,best_agent,best_hvt_distance_m,best_min_step
garcia_bddg,6v6,0,60015,1,1,0,success,5448,54.480000000000004,1,1,0,4.8128337201542974,5448
garcia_bddg,6v6,1,60016,1,1,0,success,4956,49.56,2,2,0,4.736197598121419,4956
garcia_bddg,6v6,2,60017,0,0,,all_killed,2217,22.17,0,0,1,1568.5663167924038,1690
garcia_bddg,6v6,3,60018,1,1,0,success,5146,51.46,2,2,0,4.797276118403115,5146
garcia_bddg,6v6,4,60019,1,1,2,success,5976,59.76,1,1,2,4.951493173716828,5976
garcia_bddg,6v6,5,60020,0,0,,all_killed,2244,22.44,0,0,2,1483.4513597234093,2244
garcia_bddg,6v6,6,60021,1,1,3,success,5687,56.870000000000005,1,1,3,4.945295098049052,5687
garcia_bddg,6v6,7,60022,1,1,4,success,5598,55.980000000000004,2,2,4,4.6286616957737925,5598
garcia_bddg,6v6,8,60023,1,1,3,success,5864,58.64,1,1,3,4.5310165001538545,5864
garcia_bddg,6v6,9,60024,1,1,3,success,5730,57.300000000000004,2,2,3,4.611614009009714,5730
garcia_bddg,6v6,10,60025,1,1,4,success,5545,55.45,1,1,4,4.722864732779702,5545
garcia_bddg,6v6,11,60026,1,1,3,success,5725,57.25,2,2,3,4.7666270328740366,5725
garcia_bddg,6v6,12,60027,1,1,3,success,5929,59.29,2,2,3,4.963319951978289,5929
garcia_bddg,6v6,13,60028,0,0,,all_killed,3126,31.26,0,0,5,1036.6661557324428,3107
garcia_bddg,6v6,14,60029,0,0,,all_killed,5336,53.36,0,0,2,235.91247966947958,5336
garcia_bddg,6v6,15,60030,1,1,2,success,5450,54.5,2,2,2,4.794240725900061,5450
garcia_bddg,6v6,16,60031,1,1,2,success,5570,55.7,1,1,2,4.660648432068463,5570
garcia_bddg,6v6,17,60032,1,1,3,success,5836,58.36,2,2,3,4.551197416279572,5836
garcia_bddg,6v6,18,60033,1,1,1,success,5394,53.94,2,2,1,4.742646507937129,5394
garcia_bddg,6v6,19,60034,0,0,,all_killed,4614,46.14,0,0,2,348.972896145017,4614
garcia_bddg,6v6,20,60035,1,1,3,success,5720,57.2,1,1,3,4.825307573379996,5720
garcia_bddg,6v6,21,60036,1,1,5,success,5245,52.45,2,2,5,4.771433119035643,5245
garcia_bddg,6v6,22,60037,0,0,,all_killed,5683,56.83,0,0,3,192.33354776458341,5683
garcia_bddg,6v6,23,60038,0,0,,all_killed,2293,22.93,0,0,4,1521.6611409384027,2293
garcia_bddg,6v6,24,60039,1,1,4,success,5733,57.33,2,2,4,4.751681547883092,5733
garcia_bddg,6v6,25,60040,1,1,3,success,5844,58.44,1,1,3,4.661689432862237,5844
garcia_bddg,6v6,26,60041,1,1,3,success,5584,55.84,2,2,3,4.7438398236558275,5584
garcia_bddg,6v6,27,60042,1,1,4,success,5690,56.9,1,1,4,4.751486917305436,5690
garcia_bddg,6v6,28,60043,1,1,4,success,5713,57.13,1,1,4,4.7897773410582225,5713
garcia_bddg,6v6,29,60044,0,0,,all_killed,5510,55.1,0,0,3,363.0023856604067,5510
garcia_bddg,6v6,30,60045,1,1,2,success,5322,53.22,2,2,2,4.75421374242645,5322
garcia_bddg,6v6,31,60046,0,0,,all_killed,2180,21.8,0,0,1,1591.290047130633,1559
garcia_bddg,6v6,32,60047,0,0,,all_killed,5609,56.09,0,0,4,139.13991587116962,5609
garcia_bddg,6v6,33,60048,0,0,,all_killed,2172,21.72,0,0,3,1571.4094162843126,2172
garcia_bddg,6v6,34,60049,1,1,4,success,5890,58.9,1,1,4,4.771792326512121,5890
garcia_bddg,6v6,35,60050,1,1,3,success,5538,55.38,1,1,3,4.9764577177236955,5538
garcia_bddg,6v6,36,60051,1,1,3,success,5720,57.2,1,1,3,4.681989605971592,5720
garcia_bddg,6v6,37,60052,1,1,0,success,5321,53.21,2,2,0,4.680450446798946,5321
garcia_bddg,6v6,38,60053,1,1,1,success,5510,55.1,1,1,1,4.608385371027113,5510
garcia_bddg,6v6,39,60054,0,0,,all_killed,5625,56.25,0,0,0,57.61831265070671,5028
garcia_bddg,6v6,40,60055,1,1,2,success,5249,52.49,1,1,2,4.876831980620853,5249
garcia_bddg,6v6,41,60056,0,0,,all_killed,5489,54.89,0,0,3,18.550829993795038,5489
garcia_bddg,6v6,42,60057,0,0,,all_killed,4763,47.63,0,0,5,212.20474328001498,4763
garcia_bddg,6v6,43,60058,0,0,,all_killed,2098,20.98,0,0,3,1516.5182328409699,2098
garcia_bddg,6v6,44,60059,0,0,,all_killed,5057,50.57,0,0,2,125.50653386934947,5057
garcia_bddg,6v6,45,60060,1,1,4,success,5589,55.89,1,1,4,4.894451971319475,5589
garcia_bddg,6v6,46,60061,1,1,3,success,5599,55.99,2,2,3,4.85174805849085,5599
garcia_bddg,6v6,47,60062,1,1,5,success,5583,55.83,1,1,5,4.599451594270632,5583
garcia_bddg,6v6,48,60063,1,1,3,success,5710,57.1,1,1,3,4.723543334676042,5710
garcia_bddg,6v6,49,60064,1,1,4,success,5759,57.59,1,1,4,4.6741568332721695,5759
garcia_bddg,6v6,50,60065,1,1,2,success,5634,56.34,1,1,2,4.590633942989113,5634
garcia_bddg,6v6,51,60066,1,1,3,success,5458,54.58,1,1,3,4.998818910054758,5458
garcia_bddg,6v6,52,60067,0,0,,all_killed,6003,60.03,0,0,3,145.4376661694518,6003
garcia_bddg,6v6,53,60068,1,1,1,success,5514,55.14,1,1,1,4.504497760554835,5514
garcia_bddg,6v6,54,60069,1,1,2,success,5598,55.980000000000004,2,2,2,4.981843282090632,5598
garcia_bddg,6v6,55,60070,0,0,,all_killed,2209,22.09,0,0,5,1488.476277610416,1870
garcia_bddg,6v6,56,60071,1,1,3,success,5568,55.68,2,2,3,4.648494544896801,5568
garcia_bddg,6v6,57,60072,0,0,,all_killed,1977,19.77,0,0,1,1513.13043911827,1804
garcia_bddg,6v6,58,60073,0,0,,all_killed,2091,20.91,0,0,4,1567.954754650339,1977
garcia_bddg,6v6,59,60074,1,1,4,success,5603,56.03,1,1,4,4.950081587078075,5603
garcia_bddg,6v6,60,60075,1,1,1,success,5544,55.44,2,2,1,4.731189421517166,5544
garcia_bddg,6v6,61,60076,0,0,,all_killed,2119,21.19,0,0,4,1536.6105136896815,1985
garcia_bddg,6v6,62,60077,1,1,0,success,5406,54.06,1,1,0,4.958898042906697,5406
garcia_bddg,6v6,63,60078,1,1,3,success,5525,55.25,1,1,3,4.990048384903107,5525
garcia_bddg,6v6,64,60079,1,1,4,success,5536,55.36,2,2,4,4.917479111876062,5536
garcia_bddg,6v6,65,60080,0,0,,all_killed,2642,26.42,0,0,3,1407.3905929460307,2642
garcia_bddg,6v6,66,60081,1,1,2,success,6056,60.56,2,2,2,4.902823451348849,6056
garcia_bddg,6v6,67,60082,1,1,2,success,5297,52.97,2,2,2,4.519852398344889,5297
garcia_bddg,6v6,68,60083,1,1,2,success,5281,52.81,1,1,2,4.642775492385679,5281
garcia_bddg,6v6,69,60084,1,1,3,success,6289,62.89,1,1,3,4.594740671444323,6289
garcia_bddg,6v6,70,60085,1,1,5,success,5586,55.86,2,2,5,4.972936435656024,5586
garcia_bddg,6v6,71,60086,1,1,1,success,5714,57.14,3,3,1,4.874324530102331,5714
garcia_bddg,6v6,72,60087,1,1,5,success,5321,53.21,1,1,5,4.874337409322695,5321
garcia_bddg,6v6,73,60088,1,1,0,success,5178,51.78,1,1,0,4.794792836578583,5178
garcia_bddg,6v6,74,60089,1,1,5,success,5552,55.52,1,1,5,4.991482869714007,5552
garcia_bddg,6v6,75,60090,1,1,3,success,5881,58.81,1,1,3,4.523712430234878,5881
garcia_bddg,6v6,76,60091,1,1,4,success,5867,58.67,1,1,4,4.710594894656962,5867
garcia_bddg,6v6,77,60092,1,1,3,success,5863,58.63,1,1,3,4.73414227264911,5863
garcia_bddg,6v6,78,60093,1,1,4,success,5538,55.38,2,2,4,4.98880931931043,5538
garcia_bddg,6v6,79,60094,0,0,,all_killed,5023,50.230000000000004,0,0,2,385.84038254008755,5023
garcia_bddg,6v6,80,60095,1,1,1,success,5455,54.550000000000004,1,1,1,4.9718370442686135,5455
garcia_bddg,6v6,81,60096,0,0,,all_killed,2272,22.72,0,0,4,1455.2117784294946,2231
garcia_bddg,6v6,82,60097,1,1,4,success,5867,58.67,2,2,4,4.648037648726349,5867
garcia_bddg,6v6,83,60098,1,1,4,success,5331,53.31,2,2,4,4.885058279227835,5331
garcia_bddg,6v6,84,60099,1,1,3,success,5587,55.870000000000005,1,1,3,4.594481421704689,5587
garcia_bddg,6v6,85,60100,1,1,2,success,5700,57.0,1,1,2,4.8160796030910475,5700
garcia_bddg,6v6,86,60101,0,0,,all_killed,5107,51.07,0,0,3,345.4931721140359,5107
garcia_bddg,6v6,87,60102,1,1,5,success,5276,52.76,3,3,5,4.533286679585488,5276
garcia_bddg,6v6,88,60103,1,1,5,success,5373,53.730000000000004,1,1,5,4.873293193018654,5373
garcia_bddg,6v6,89,60104,1,1,5,success,5372,53.72,1,1,5,4.911550361040425,5372
garcia_bddg,6v6,90,60105,0,0,,all_killed,3852,38.52,0,0,2,985.2043872023053,3852
garcia_bddg,6v6,91,60106,1,1,4,success,5825,58.25,2,2,4,4.658628677056071,5825
garcia_bddg,6v6,92,60107,1,1,0,success,5310,53.1,2,2,0,4.508898236894024,5310
garcia_bddg,6v6,93,60108,0,0,,all_killed,2113,21.13,0,0,5,1567.0718219918795,1569
garcia_bddg,6v6,94,60109,0,0,,all_killed,5661,56.61,0,0,3,58.537087543478066,5661
garcia_bddg,6v6,95,60110,0,0,,all_killed,4859,48.59,0,0,5,159.22167147949392,4859
garcia_bddg,6v6,96,60111,1,1,5,success,4968,49.68,2,2,5,4.902858957054907,4968
garcia_bddg,6v6,97,60112,0,0,,all_killed,2235,22.35,0,0,2,1569.296231186116,1793
garcia_bddg,6v6,98,60113,0,0,,all_killed,2063,20.63,0,0,2,1501.9836193232466,1931
garcia_bddg,6v6,99,60114,1,1,2,success,5574,55.74,1,1,2,4.725130470921644,5574
garcia_bddg,6v6,100,60115,1,1,4,success,5655,56.550000000000004,1,1,4,4.729495072022469,5655
garcia_bddg,6v6,101,60116,1,1,2,success,5601,56.01,1,1,2,4.611494319924712,5601
garcia_bddg,6v6,102,60117,1,1,3,success,6323,63.230000000000004,1,1,3,4.783451697589972,6323
garcia_bddg,6v6,103,60118,1,1,3,success,5930,59.300000000000004,1,1,3,4.716981697520011,5930
garcia_bddg,6v6,104,60119,1,1,2,success,6018,60.18,2,2,2,4.620283259785824,6018
garcia_bddg,6v6,105,60120,1,1,3,success,6354,63.54,1,1,3,4.952817956293335,6354
garcia_bddg,6v6,106,60121,0,0,,all_killed,2044,20.44,0,0,0,1502.166181993735,1321
garcia_bddg,6v6,107,60122,1,1,3,success,6162,61.620000000000005,1,1,3,4.919576583065054,6162
garcia_bddg,6v6,108,60123,1,1,4,success,5929,59.29,1,1,4,4.72963876043225,5929
garcia_bddg,6v6,109,60124,1,1,1,success,5244,52.44,2,2,1,4.60550019921582,5244
garcia_bddg,6v6,110,60125,1,1,2,success,5621,56.21,1,1,2,4.821704633888216,5621
garcia_bddg,6v6,111,60126,1,1,4,success,5554,55.54,1,1,4,4.992781792081888,5554
garcia_bddg,6v6,112,60127,0,0,,all_killed,2188,21.88,0,0,1,1501.2829066769418,2039
garcia_bddg,6v6,113,60128,1,1,1,success,5527,55.27,2,2,1,4.6561513426915075,5527
garcia_bddg,6v6,114,60129,1,1,1,success,5251,52.51,1,1,1,4.952016864362581,5251
garcia_bddg,6v6,115,60130,1,1,3,success,5772,57.72,1,1,3,4.832899546497114,5772
garcia_bddg,6v6,116,60131,1,1,5,success,4867,48.67,3,3,5,4.706488016192915,4867
garcia_bddg,6v6,117,60132,1,1,2,success,5763,57.63,2,2,2,4.84210242098612,5763
garcia_bddg,6v6,118,60133,1,1,2,success,5362,53.620000000000005,2,2,2,4.910388598231183,5362
garcia_bddg,6v6,119,60134,1,1,2,success,5742,57.42,1,1,2,4.944829400302257,5742
garcia_bddg,6v6,120,60135,0,0,,all_killed,2077,20.77,0,0,3,1531.803856767304,2077
garcia_bddg,6v6,121,60136,1,1,1,success,5505,55.050000000000004,1,1,1,4.567762804748907,5505
garcia_bddg,6v6,122,60137,0,0,,all_killed,2692,26.92,0,0,3,1360.0538641770454,2692
garcia_bddg,6v6,123,60138,1,1,3,success,5679,56.79,1,1,3,4.911314209241566,5679
garcia_bddg,6v6,124,60139,1,1,3,success,5713,57.13,1,1,3,4.884333972694348,5713
garcia_bddg,6v6,125,60140,1,1,0,success,5164,51.64,3,3,0,4.946601328974033,5164
garcia_bddg,6v6,126,60141,0,0,,all_killed,1958,19.580000000000002,0,0,0,1522.7382675853544,1499
garcia_bddg,6v6,127,60142,1,1,4,success,5248,52.480000000000004,3,3,4,4.881829121008816,5248
garcia_bddg,6v6,128,60143,1,1,2,success,5904,59.04,1,1,2,4.615089295226977,5904
garcia_bddg,6v6,129,60144,1,1,4,success,5786,57.86,1,1,4,4.724447353616641,5786
garcia_bddg,6v6,130,60145,1,1,4,success,5478,54.78,1,1,4,4.754974059153505,5478
garcia_bddg,6v6,131,60146,1,1,2,success,5634,56.34,1,1,2,4.802407188155276,5634
garcia_bddg,6v6,132,60147,1,1,2,success,5177,51.77,2,2,2,4.904691703582756,5177
garcia_bddg,6v6,133,60148,1,1,1,success,5530,55.300000000000004,1,1,1,4.713604563228073,5530
garcia_bddg,6v6,134,60149,0,0,,all_killed,5337,53.370000000000005,0,0,2,94.76423393196312,5337
garcia_bddg,6v6,135,60150,1,1,3,success,5588,55.88,1,1,3,4.545800831514835,5588
garcia_bddg,6v6,136,60151,1,1,3,success,5978,59.78,1,1,3,4.5580137100506155,5978
garcia_bddg,6v6,137,60152,1,1,3,success,6156,61.56,1,1,3,4.922142405354393,6156
garcia_bddg,6v6,138,60153,1,1,1,success,5560,55.6,1,1,1,4.558352096205665,5560
garcia_bddg,6v6,139,60154,1,1,4,success,5708,57.08,2,2,4,4.789571788820662,5708
garcia_bddg,6v6,140,60155,1,1,3,success,5561,55.61,2,2,3,4.918861656268173,5561
garcia_bddg,6v6,141,60156,1,1,1,success,5194,51.94,4,4,1,4.561686112710206,5194
garcia_bddg,6v6,142,60157,1,1,1,success,5862,58.620000000000005,2,2,1,4.751959757517448,5862
garcia_bddg,6v6,143,60158,1,1,2,success,5680,56.800000000000004,2,2,2,4.606437894057987,5680
garcia_bddg,6v6,144,60159,1,1,2,success,5864,58.64,1,1,2,4.697905133434417,5864
garcia_bddg,6v6,145,60160,1,1,4,success,6068,60.68,1,1,4,4.566467904226408,6068
garcia_bddg,6v6,146,60161,1,1,2,success,6109,61.09,1,1,2,4.573695556016705,6109
garcia_bddg,6v6,147,60162,0,0,,all_killed,5591,55.910000000000004,0,0,3,236.19997513895143,5591
garcia_bddg,6v6,148,60163,1,1,4,success,5540,55.4,2,2,4,4.820673822918847,5540
garcia_bddg,6v6,149,60164,1,1,3,success,5660,56.6,1,1,3,4.610963430622727,5660
garcia_bddg,6v6,150,60165,1,1,0,success,5337,53.370000000000005,2,2,0,4.684967212120083,5337
garcia_bddg,6v6,151,60166,1,1,1,success,4942,49.42,1,1,1,4.955571834638497,4942
garcia_bddg,6v6,152,60167,1,1,5,success,5440,54.4,1,1,5,4.837515670571876,5440
garcia_bddg,6v6,153,60168,1,1,4,success,5634,56.34,1,1,4,4.687330810006742,5634
garcia_bddg,6v6,154,60169,0,0,,all_killed,2209,22.09,0,0,1,1513.8294441491928,1825
garcia_bddg,6v6,155,60170,1,1,5,success,5365,53.65,1,1,5,4.736631495839245,5365
garcia_bddg,6v6,156,60171,0,0,,all_killed,1993,19.93,0,0,1,1529.111971374009,1899
garcia_bddg,6v6,157,60172,1,1,1,success,5189,51.89,2,2,1,4.795301212154221,5189
garcia_bddg,6v6,158,60173,1,1,4,success,5591,55.910000000000004,1,1,4,4.956599533958122,5591
garcia_bddg,6v6,159,60174,1,1,1,success,5499,54.99,1,1,1,4.725810152037535,5499
garcia_bddg,6v6,160,60175,1,1,4,success,6672,66.72,1,1,4,4.960537550363093,6672
garcia_bddg,6v6,161,60176,1,1,4,success,5742,57.42,2,2,4,4.940367972235703,5742
garcia_bddg,6v6,162,60177,0,0,,all_killed,4206,42.06,0,0,4,878.9215237974048,4206
garcia_bddg,6v6,163,60178,1,1,0,success,5435,54.35,4,4,0,4.648972147286846,5435
garcia_bddg,6v6,164,60179,0,0,,all_killed,2043,20.43,0,0,4,1508.0032390478177,1996
garcia_bddg,6v6,165,60180,1,1,4,success,5453,54.53,2,2,4,4.6699788921405725,5453
garcia_bddg,6v6,166,60181,1,1,2,success,6004,60.04,1,1,2,4.988848251647325,6004
garcia_bddg,6v6,167,60182,1,1,5,success,5397,53.97,2,2,5,4.657407262154329,5397
garcia_bddg,6v6,168,60183,1,1,0,success,5233,52.33,1,1,0,4.695201156141886,5233
garcia_bddg,6v6,169,60184,1,1,5,success,5432,54.32,2,2,5,4.732865558132555,5432
garcia_bddg,6v6,170,60185,1,1,2,success,5818,58.18,1,1,2,4.765020889094783,5818
garcia_bddg,6v6,171,60186,1,1,2,success,5965,59.65,1,1,2,4.756657252780403,5965
garcia_bddg,6v6,172,60187,0,0,,all_killed,2075,20.75,0,0,1,1537.9339333884377,1565
garcia_bddg,6v6,173,60188,0,0,,all_killed,4414,44.14,0,0,5,476.61482134287826,4414
garcia_bddg,6v6,174,60189,1,1,4,success,6209,62.09,1,1,4,4.928435507745187,6209
garcia_bddg,6v6,175,60190,1,1,3,success,5991,59.910000000000004,1,1,3,4.885688121663809,5991
garcia_bddg,6v6,176,60191,1,1,2,success,5822,58.22,1,1,2,4.639117406748665,5822
garcia_bddg,6v6,177,60192,1,1,1,success,5265,52.65,4,4,1,4.565892956723392,5265
garcia_bddg,6v6,178,60193,1,1,3,success,6173,61.730000000000004,1,1,3,4.889152491746399,6173
garcia_bddg,6v6,179,60194,1,1,3,success,5893,58.93,1,1,3,4.997329773264085,5893
garcia_bddg,6v6,180,60195,1,1,3,success,6018,60.18,1,1,3,4.599579155648658,6018
garcia_bddg,6v6,181,60196,1,1,0,success,5160,51.6,2,2,0,4.817832810797757,5160
garcia_bddg,6v6,182,60197,1,1,1,success,5340,53.4,2,2,1,4.648167845957382,5340
garcia_bddg,6v6,183,60198,1,1,4,success,5546,55.46,2,2,4,4.8516919491318395,5546
garcia_bddg,6v6,184,60199,1,1,2,success,5791,57.910000000000004,1,1,2,4.565776828618795,5791
garcia_bddg,6v6,185,60200,1,1,3,success,5812,58.120000000000005,2,2,3,4.9600252489444125,5812
garcia_bddg,6v6,186,60201,1,1,4,success,5850,58.5,1,1,4,4.617385000869899,5850
garcia_bddg,6v6,187,60202,1,1,2,success,5478,54.78,2,2,2,4.926680059035771,5478
garcia_bddg,6v6,188,60203,0,0,,all_killed,1990,19.900000000000002,0,0,0,1505.6186565776966,1383
garcia_bddg,6v6,189,60204,1,1,1,success,5359,53.59,1,1,1,4.768769309792704,5359
garcia_bddg,6v6,190,60205,1,1,3,success,5687,56.870000000000005,1,1,3,4.506017100021729,5687
garcia_bddg,6v6,191,60206,1,1,3,success,5625,56.25,1,1,3,4.742732739313265,5625
garcia_bddg,6v6,192,60207,0,0,,all_killed,3131,31.310000000000002,0,0,3,1319.9399360161306,3131
garcia_bddg,6v6,193,60208,1,1,1,success,5469,54.69,1,1,1,4.602306703755731,5469
garcia_bddg,6v6,194,60209,1,1,1,success,5454,54.54,2,2,1,4.511894334644322,5454
garcia_bddg,6v6,195,60210,1,1,2,success,5534,55.34,2,2,2,4.651066121541153,5534
garcia_bddg,6v6,196,60211,1,1,3,success,5756,57.56,1,1,3,4.641611899619379,5756
garcia_bddg,6v6,197,60212,1,1,2,success,5417,54.17,3,3,2,4.560427451091469,5417
garcia_bddg,6v6,198,60213,1,1,4,success,5738,57.38,2,2,4,4.8279265697018685,5738
garcia_bddg,6v6,199,60214,1,1,3,success,6071,60.71,1,1,3,4.9146185560863715,6071
garcia_bddg,6v6,200,60215,1,1,1,success,5110,51.1,2,2,1,4.516325396308202,5110
garcia_bddg,6v6,201,60216,0,0,,all_killed,5015,50.15,0,0,3,331.6746639125361,5015
garcia_bddg,6v6,202,60217,1,1,2,success,5676,56.76,1,1,2,4.9169374813248945,5676
garcia_bddg,6v6,203,60218,1,1,3,success,5831,58.31,1,1,3,4.804930147998116,5831
garcia_bddg,6v6,204,60219,1,1,2,success,5604,56.04,1,1,2,4.571585436451456,5604
garcia_bddg,6v6,205,60220,1,1,1,success,5717,57.17,1,1,1,4.811914722503693,5717
garcia_bddg,6v6,206,60221,1,1,1,success,5541,55.410000000000004,3,3,1,4.576109466369617,5541
garcia_bddg,6v6,207,60222,0,0,,all_killed,3094,30.94,0,0,4,1136.3008340295912,3094
garcia_bddg,6v6,208,60223,0,0,,all_killed,5620,56.2,0,0,2,203.12135492311117,5620
garcia_bddg,6v6,209,60224,1,1,1,success,5421,54.21,2,2,1,4.640049392023026,5421
garcia_bddg,6v6,210,60225,1,1,4,success,5657,56.57,2,2,4,4.553560443851879,5657
garcia_bddg,6v6,211,60226,1,1,4,success,5769,57.69,1,1,4,4.914674252946873,5769
garcia_bddg,6v6,212,60227,1,1,5,success,5475,54.75,1,1,5,4.686354531776583,5475
garcia_bddg,6v6,213,60228,1,1,5,success,5831,58.31,1,1,5,4.819044548131183,5831
garcia_bddg,6v6,214,60229,1,1,3,success,6094,60.94,1,1,3,4.634106863593658,6094
garcia_bddg,6v6,215,60230,0,0,,all_killed,5097,50.97,0,0,4,228.20739670359075,5097
garcia_bddg,6v6,216,60231,1,1,3,success,6127,61.27,2,2,3,4.867201689288084,6127
garcia_bddg,6v6,217,60232,1,1,2,success,5860,58.6,2,2,2,4.680482513740507,5860
garcia_bddg,6v6,218,60233,1,1,5,success,5679,56.79,1,1,5,4.998672102483417,5679
garcia_bddg,6v6,219,60234,1,1,2,success,5235,52.35,2,2,2,4.597685374083269,5235
garcia_bddg,6v6,220,60235,1,1,4,success,5664,56.64,1,1,4,4.867547767009542,5664
garcia_bddg,6v6,221,60236,0,0,,all_killed,5895,58.95,0,0,3,135.01394557944948,5895
garcia_bddg,6v6,222,60237,0,0,,all_killed,5207,52.07,0,0,4,270.9643373320134,5207
garcia_bddg,6v6,223,60238,1,1,5,success,5126,51.26,2,2,5,4.62389428061055,5126
garcia_bddg,6v6,224,60239,1,1,5,success,5363,53.63,2,2,5,4.803011777435757,5363
garcia_bddg,6v6,225,60240,1,1,1,success,5482,54.82,1,1,1,4.620791134800954,5482
garcia_bddg,6v6,226,60241,0,0,,all_killed,3929,39.29,0,0,3,950.2416201380041,3929
garcia_bddg,6v6,227,60242,0,0,,all_killed,5553,55.53,0,0,2,97.1323430817439,5553
garcia_bddg,6v6,228,60243,1,1,5,success,5584,55.84,3,3,5,4.905454846715104,5584
garcia_bddg,6v6,229,60244,0,0,,all_killed,1956,19.56,0,0,0,1544.7926673384354,1383
garcia_bddg,6v6,230,60245,1,1,2,success,5982,59.82,1,1,2,4.5930574479409465,5982
garcia_bddg,6v6,231,60246,1,1,1,success,5705,57.050000000000004,1,1,1,4.574737580458441,5705
garcia_bddg,6v6,232,60247,1,1,2,success,5795,57.95,1,1,2,4.567776816744354,5795
garcia_bddg,6v6,233,60248,0,0,,all_killed,5005,50.050000000000004,0,0,4,238.18153045788415,5005
garcia_bddg,6v6,234,60249,0,0,,all_killed,2058,20.580000000000002,0,0,5,1476.1487984012047,2058
garcia_bddg,6v6,235,60250,1,1,3,success,6038,60.38,2,2,3,4.580216899881637,6038
garcia_bddg,6v6,236,60251,1,1,4,success,5619,56.19,1,1,4,4.511902794687208,5619
garcia_bddg,6v6,237,60252,1,1,4,success,5848,58.480000000000004,2,2,4,4.771315678680887,5848
garcia_bddg,6v6,238,60253,1,1,4,success,5807,58.07,1,1,4,4.6301342983937035,5807
garcia_bddg,6v6,239,60254,0,0,,all_killed,5409,54.09,0,0,2,149.83567339875674,5409
garcia_bddg,6v6,240,60255,1,1,5,success,5739,57.39,2,2,5,4.55247840044763,5739
garcia_bddg,6v6,241,60256,1,1,3,success,5386,53.86,1,1,3,4.862481573567046,5386
garcia_bddg,6v6,242,60257,0,0,,all_killed,5032,50.32,0,0,3,467.6886163406419,5032
garcia_bddg,6v6,243,60258,1,1,0,success,5478,54.78,2,2,0,4.954966639004616,5478
garcia_bddg,6v6,244,60259,1,1,5,success,5687,56.870000000000005,1,1,5,4.829854334156441,5687
garcia_bddg,6v6,245,60260,1,1,2,success,5906,59.06,1,1,2,4.770239423642499,5906
garcia_bddg,6v6,246,60261,1,1,1,success,5743,57.43,1,1,1,4.953836285144322,5743
garcia_bddg,6v6,247,60262,1,1,4,success,5918,59.18,1,1,4,4.875214070293725,5918
garcia_bddg,6v6,248,60263,0,0,,all_killed,3053,30.53,0,0,4,1169.7812791878116,3053
garcia_bddg,6v6,249,60264,1,1,2,success,5421,54.21,1,1,2,4.537482469170365,5421
garcia_bddg,6v6,250,60265,1,1,3,success,5676,56.76,1,1,3,4.740289572159345,5676
garcia_bddg,6v6,251,60266,1,1,3,success,5684,56.84,1,1,3,4.610324117967568,5684
garcia_bddg,6v6,252,60267,1,1,4,success,5364,53.64,1,1,4,4.575506172387586,5364
garcia_bddg,6v6,253,60268,0,0,,all_killed,5180,51.800000000000004,0,0,3,289.9144057506068,5180
garcia_bddg,6v6,254,60269,1,1,1,success,5143,51.43,3,3,1,4.521948792932854,5143
garcia_bddg,6v6,255,60270,0,0,,all_killed,5035,50.35,0,0,1,432.17825381046555,4294
garcia_bddg,6v6,256,60271,0,0,,all_killed,5913,59.13,0,0,3,114.80224672728401,5913
garcia_bddg,6v6,257,60272,0,0,,all_killed,2204,22.04,0,0,1,1517.759944028076,2204
garcia_bddg,6v6,258,60273,1,1,4,success,5872,58.72,1,1,4,4.663949902809736,5872
garcia_bddg,6v6,259,60274,0,0,,all_killed,2218,22.18,0,0,0,1553.2259159463774,1674
garcia_bddg,6v6,260,60275,0,0,,all_killed,5156,51.56,0,0,4,297.94859409097444,5156
garcia_bddg,6v6,261,60276,1,1,3,success,6103,61.03,1,1,3,4.775048359822137,6103
garcia_bddg,6v6,262,60277,0,0,,all_killed,5286,52.86,0,0,4,105.68676221838389,5286
garcia_bddg,6v6,263,60278,0,0,,all_killed,5231,52.31,0,0,1,100.6975520191912,4916
garcia_bddg,6v6,264,60279,1,1,1,success,5153,51.53,3,3,1,4.896882007779261,5153
garcia_bddg,6v6,265,60280,1,1,4,success,5630,56.300000000000004,1,1,4,4.737471447969951,5630
garcia_bddg,6v6,266,60281,1,1,5,success,5501,55.01,1,1,5,4.942426593202701,5501
garcia_bddg,6v6,267,60282,0,0,,all_killed,5091,50.910000000000004,0,0,2,389.07052595013886,5091
garcia_bddg,6v6,268,60283,1,1,4,success,5999,59.99,1,1,4,4.831972823224582,5999
garcia_bddg,6v6,269,60284,1,1,4,success,5770,57.7,1,1,4,4.595877718095111,5770
garcia_bddg,6v6,270,60285,1,1,2,success,5764,57.64,1,1,2,4.609248430929423,5764
garcia_bddg,6v6,271,60286,1,1,1,success,5524,55.24,2,2,1,4.605143951115301,5524
garcia_bddg,6v6,272,60287,1,1,2,success,5473,54.730000000000004,1,1,2,4.953209437937009,5473
garcia_bddg,6v6,273,60288,0,0,,all_killed,5502,55.02,0,0,0,187.99937355835934,4929
garcia_bddg,6v6,274,60289,0,0,,all_killed,2562,25.62,0,0,3,1478.2352658506875,2562
garcia_bddg,6v6,275,60290,1,1,1,success,5403,54.03,2,2,1,4.959698818456968,5403
garcia_bddg,6v6,276,60291,1,1,0,success,5700,57.0,2,2,0,4.769422327643874,5700
garcia_bddg,6v6,277,60292,0,0,,all_killed,1888,18.88,0,0,0,1542.7476468048872,1460
garcia_bddg,6v6,278,60293,1,1,2,success,5882,58.82,1,1,2,4.628568552469837,5882
garcia_bddg,6v6,279,60294,1,1,4,success,5224,52.24,3,3,4,4.545859841647413,5224
garcia_bddg,6v6,280,60295,0,0,,all_killed,5900,59.0,0,0,4,13.540829705832177,5900
garcia_bddg,6v6,281,60296,1,1,0,success,5210,52.1,2,2,0,4.826557166456302,5210
garcia_bddg,6v6,282,60297,1,1,2,success,5386,53.86,1,1,2,4.846643777436249,5386
garcia_bddg,6v6,283,60298,1,1,0,success,5182,51.82,3,3,0,4.642504906325833,5182
garcia_bddg,6v6,284,60299,1,1,5,success,5732,57.32,1,1,5,4.575497562260858,5732
garcia_bddg,6v6,285,60300,1,1,4,success,5865,58.65,1,1,4,4.9474391665464745,5865
garcia_bddg,6v6,286,60301,0,0,,all_killed,4778,47.78,0,0,4,496.98865218350915,4778
garcia_bddg,6v6,287,60302,0,0,,all_killed,5098,50.980000000000004,0,0,3,465.7976425479126,5098
garcia_bddg,6v6,288,60303,0,0,,all_killed,5012,50.120000000000005,0,0,3,307.92079419773177,5012
garcia_bddg,6v6,289,60304,1,1,2,success,5475,54.75,2,2,2,4.873789163638013,5475
garcia_bddg,6v6,290,60305,0,0,,all_killed,4809,48.09,0,0,4,228.69189475256104,4809
garcia_bddg,6v6,291,60306,1,1,2,success,5765,57.65,1,1,2,4.722473184326466,5765
garcia_bddg,6v6,292,60307,1,1,4,success,5835,58.35,1,1,4,4.820088057917022,5835
garcia_bddg,6v6,293,60308,0,0,,all_killed,5114,51.14,0,0,3,476.22870674334365,5114
garcia_bddg,6v6,294,60309,0,0,,all_killed,2011,20.11,0,0,0,1522.878604978275,1304
garcia_bddg,6v6,295,60310,0,0,,all_killed,2412,24.12,0,0,3,1414.8648790177328,2412
garcia_bddg,6v6,296,60311,1,1,3,success,6358,63.58,1,1,3,4.539639514820136,6358
garcia_bddg,6v6,297,60312,0,0,,all_killed,2994,29.94,0,0,4,1354.2685164060745,2994
garcia_bddg,6v6,298,60313,1,1,0,success,5657,56.57,1,1,0,4.842025371147948,5657
garcia_bddg,6v6,299,60314,1,1,3,success,6138,61.38,1,1,3,4.531712574132092,6138
garcia_bddg,6v6,300,60315,0,0,,all_killed,2099,20.990000000000002,0,0,4,1550.7715457077525,1911
garcia_bddg,6v6,301,60316,1,1,0,success,5474,54.74,3,3,0,4.502655621892299,5474
garcia_bddg,6v6,302,60317,1,1,2,success,5438,54.38,2,2,2,4.789627798266029,5438
garcia_bddg,6v6,303,60318,1,1,1,success,5605,56.050000000000004,2,2,1,4.729451468560833,5605
garcia_bddg,6v6,304,60319,1,1,2,success,5881,58.81,1,1,2,4.762005346625327,5881
garcia_bddg,6v6,305,60320,1,1,1,success,5546,55.46,1,1,1,4.765670205089568,5546
garcia_bddg,6v6,306,60321,0,0,,all_killed,5434,54.34,0,0,4,326.10297573232225,5434
garcia_bddg,6v6,307,60322,0,0,,all_killed,2419,24.19,0,0,2,1515.265918663091,2122
garcia_bddg,6v6,308,60323,1,1,1,success,5676,56.76,4,4,1,4.936174560542773,5676
garcia_bddg,6v6,309,60324,1,1,4,success,5703,57.03,1,1,4,4.579193695580545,5703
garcia_bddg,6v6,310,60325,0,0,,all_killed,5305,53.050000000000004,0,0,3,201.4959381909129,5305
garcia_bddg,6v6,311,60326,1,1,4,success,5500,55.0,1,1,4,4.660774784140768,5500
garcia_bddg,6v6,312,60327,1,1,2,success,5679,56.79,1,1,2,4.508124703277736,5679
garcia_bddg,6v6,313,60328,1,1,2,success,5830,58.300000000000004,2,2,2,4.862405692862294,5830
garcia_bddg,6v6,314,60329,1,1,4,success,5683,56.83,1,1,4,4.989871113984697,5683
garcia_bddg,6v6,315,60330,0,0,,all_killed,5979,59.79,0,0,3,13.901976668324101,5979
garcia_bddg,6v6,316,60331,0,0,,all_killed,2366,23.66,0,0,3,1500.6912714194398,2366
garcia_bddg,6v6,317,60332,1,1,4,success,5810,58.1,1,1,4,4.956763532050252,5810
garcia_bddg,6v6,318,60333,1,1,3,success,5552,55.52,2,2,3,4.792340361422008,5552
garcia_bddg,6v6,319,60334,1,1,1,success,5524,55.24,2,2,1,4.99039832973084,5524
garcia_bddg,6v6,320,60335,0,0,,all_killed,2450,24.5,0,0,2,1281.1590441294325,2450
garcia_bddg,6v6,321,60336,1,1,4,success,5325,53.25,1,1,4,4.688988821776831,5325
garcia_bddg,6v6,322,60337,0,0,,all_killed,2249,22.490000000000002,0,0,1,1578.9328645899527,1756
garcia_bddg,6v6,323,60338,1,1,2,success,5469,54.69,2,2,2,4.912508761050924,5469
garcia_bddg,6v6,324,60339,1,1,2,success,5965,59.65,1,1,2,4.979705943621487,5965
garcia_bddg,6v6,325,60340,1,1,2,success,5496,54.96,1,1,2,4.650227507185223,5496
garcia_bddg,6v6,326,60341,0,0,,all_killed,5001,50.01,0,0,4,474.05141113235,5001
garcia_bddg,6v6,327,60342,1,1,1,success,5287,52.870000000000005,1,1,1,4.663485850350276,5287
garcia_bddg,6v6,328,60343,0,0,,all_killed,6285,62.85,0,0,3,22.82467774110074,6285
garcia_bddg,6v6,329,60344,1,1,4,success,5596,55.96,1,1,4,4.656717302459788,5596
garcia_bddg,6v6,330,60345,0,0,,all_killed,5365,53.65,0,0,3,85.3531456200006,5365
garcia_bddg,6v6,331,60346,1,1,4,success,5550,55.5,2,2,4,4.876582811164139,5550
garcia_bddg,6v6,332,60347,1,1,3,success,5838,58.38,1,1,3,4.761130298960947,5838
garcia_bddg,6v6,333,60348,1,1,4,success,5501,55.01,1,1,4,4.564251735140749,5501
garcia_bddg,6v6,334,60349,0,0,,all_killed,2076,20.76,0,0,0,1555.412462266172,1517
garcia_bddg,6v6,335,60350,1,1,2,success,5737,57.370000000000005,1,1,2,4.923837684394413,5737
garcia_bddg,6v6,336,60351,1,1,4,success,5255,52.550000000000004,3,3,4,4.997887251052565,5255
garcia_bddg,6v6,337,60352,0,0,,all_killed,5632,56.32,0,0,3,121.68708489149613,5632
garcia_bddg,6v6,338,60353,1,1,3,success,5763,57.63,1,1,3,4.906139904928458,5763
garcia_bddg,6v6,339,60354,1,1,4,success,5927,59.27,1,1,4,4.738175810614676,5927
garcia_bddg,6v6,340,60355,1,1,3,success,6146,61.46,1,1,3,4.795762466493304,6146
garcia_bddg,6v6,341,60356,1,1,4,success,5441,54.410000000000004,2,2,4,4.783578018467129,5441
garcia_bddg,6v6,342,60357,1,1,4,success,6043,60.43,2,2,4,4.8008185790906746,6043
garcia_bddg,6v6,343,60358,0,0,,all_killed,5022,50.22,0,0,2,82.82305635320613,5022
garcia_bddg,6v6,344,60359,1,1,3,success,5620,56.2,1,1,3,4.736014593552402,5620
garcia_bddg,6v6,345,60360,1,1,3,success,6251,62.51,1,1,3,4.716794339491591,6251
garcia_bddg,6v6,346,60361,1,1,4,success,5521,55.21,1,1,4,4.651045504712232,5521
garcia_bddg,6v6,347,60362,1,1,1,success,5553,55.53,1,1,1,4.855010278197455,5553
garcia_bddg,6v6,348,60363,0,0,,all_killed,2081,20.81,0,0,1,1525.4690262179743,1614
garcia_bddg,6v6,349,60364,1,1,1,success,5149,51.49,1,1,1,4.635091366342285,5149
garcia_bddg,6v6,350,60365,1,1,4,success,5572,55.72,3,3,4,4.699008655453029,5572
garcia_bddg,6v6,351,60366,1,1,2,success,5575,55.75,1,1,2,4.991115984536253,5575
garcia_bddg,6v6,352,60367,0,0,,all_killed,3046,30.46,0,0,4,1263.787376802484,3046
garcia_bddg,6v6,353,60368,0,0,,all_killed,5482,54.82,0,0,2,301.642119804895,5482
garcia_bddg,6v6,354,60369,1,1,0,success,5177,51.77,3,3,0,4.596093033933017,5177
garcia_bddg,6v6,355,60370,1,1,2,success,5435,54.35,1,1,2,4.743273035672952,5435
garcia_bddg,6v6,356,60371,1,1,3,success,5468,54.68,2,2,3,4.841646000097016,5468
garcia_bddg,6v6,357,60372,0,0,,all_killed,5536,55.36,0,0,3,130.20591094027102,5536
garcia_bddg,6v6,358,60373,1,1,2,success,5910,59.1,1,1,2,4.921778505983234,5910
garcia_bddg,6v6,359,60374,0,0,,all_killed,2094,20.94,0,0,1,1549.8101187597779,2094
garcia_bddg,6v6,360,60375,1,1,1,success,5663,56.63,1,1,1,4.685119787168491,5663
garcia_bddg,6v6,361,60376,0,0,,all_killed,6147,61.47,0,0,3,7.829493213693583,6147
garcia_bddg,6v6,362,60377,0,0,,all_killed,5692,56.92,0,0,4,130.63045363255375,5692
garcia_bddg,6v6,363,60378,1,1,3,success,5605,56.050000000000004,2,2,3,4.709280273081764,5605
garcia_bddg,6v6,364,60379,1,1,1,success,4983,49.83,2,2,1,4.613839334746855,4983
garcia_bddg,6v6,365,60380,1,1,3,success,5778,57.78,1,1,3,4.744485625350225,5778
garcia_bddg,6v6,366,60381,1,1,1,success,5667,56.67,1,1,1,4.88930226227809,5667
garcia_bddg,6v6,367,60382,1,1,1,success,5439,54.39,1,1,1,4.697870052843076,5439
garcia_bddg,6v6,368,60383,0,0,,all_killed,5086,50.86,0,0,2,346.44338412701603,4787
garcia_bddg,6v6,369,60384,0,0,,all_killed,5257,52.57,0,0,2,81.55856153737983,5257
garcia_bddg,6v6,370,60385,1,1,4,success,5798,57.980000000000004,1,1,4,4.589237918432368,5798
garcia_bddg,6v6,371,60386,1,1,2,success,5656,56.56,1,1,2,4.929547880344778,5656
garcia_bddg,6v6,372,60387,1,1,3,success,5648,56.480000000000004,2,2,3,4.780111972090423,5648
garcia_bddg,6v6,373,60388,1,1,3,success,5925,59.25,1,1,3,4.856672822887928,5925
garcia_bddg,6v6,374,60389,1,1,4,success,5803,58.03,1,1,4,4.665750033737013,5803
garcia_bddg,6v6,375,60390,1,1,4,success,5396,53.96,1,1,4,4.864692668315062,5396
garcia_bddg,6v6,376,60391,1,1,2,success,5243,52.43,1,1,2,4.709812901740288,5243
garcia_bddg,6v6,377,60392,0,0,,all_killed,2268,22.68,0,0,4,1476.3171896052434,2268
garcia_bddg,6v6,378,60393,0,0,,all_killed,2387,23.87,0,0,5,1463.6644535605233,2123
garcia_bddg,6v6,379,60394,1,1,3,success,5828,58.28,1,1,3,4.839776732145629,5828
garcia_bddg,6v6,380,60395,1,1,2,success,5240,52.4,2,2,2,4.730033848862713,5240
garcia_bddg,6v6,381,60396,1,1,3,success,5749,57.49,1,1,3,4.746327369285777,5749
garcia_bddg,6v6,382,60397,1,1,3,success,5656,56.56,1,1,3,4.860869150096695,5656
garcia_bddg,6v6,383,60398,1,1,1,success,5697,56.97,1,1,1,4.959113280561123,5697
garcia_bddg,6v6,384,60399,1,1,2,success,5302,53.02,1,1,2,4.746093224070168,5302
garcia_bddg,6v6,385,60400,1,1,4,success,5625,56.25,1,1,4,4.656985396420492,5625
garcia_bddg,6v6,386,60401,0,0,,all_killed,5299,52.99,0,0,3,287.84708642334164,5299
garcia_bddg,6v6,387,60402,0,0,,all_killed,4266,42.660000000000004,0,0,0,468.1228465251847,4266
garcia_bddg,6v6,388,60403,1,1,0,success,5177,51.77,2,2,0,4.656993556066711,5177
garcia_bddg,6v6,389,60404,1,1,3,success,6182,61.82,1,1,3,4.998955507030699,6182
garcia_bddg,6v6,390,60405,1,1,2,success,6445,64.45,1,1,2,4.759617420816392,6445
garcia_bddg,6v6,391,60406,1,1,3,success,6112,61.120000000000005,1,1,3,4.867659431585891,6112
garcia_bddg,6v6,392,60407,0,0,,all_killed,5103,51.03,0,0,3,515.3087382800919,5103
garcia_bddg,6v6,393,60408,1,1,4,success,5865,58.65,1,1,4,4.6575967670757015,5865
garcia_bddg,6v6,394,60409,1,1,2,success,5453,54.53,1,1,2,4.679321124228306,5453
garcia_bddg,6v6,395,60410,0,0,,all_killed,3009,30.09,0,0,3,1447.0771940105237,3009
garcia_bddg,6v6,396,60411,1,1,3,success,5559,55.59,1,1,3,4.663619821859348,5559
garcia_bddg,6v6,397,60412,1,1,2,success,5843,58.43,1,1,2,4.848857073733235,5843
garcia_bddg,6v6,398,60413,0,0,,all_killed,2172,21.72,0,0,5,1489.3792389692755,2172
garcia_bddg,6v6,399,60414,0,0,,all_killed,2056,20.56,0,0,1,1571.3432589595072,1660
garcia_bddg,6v6,400,60415,0,0,,all_killed,2661,26.61,0,0,4,1277.2223579861843,2661
garcia_bddg,6v6,401,60416,0,0,,all_killed,5126,51.26,0,0,4,414.2655617415481,5126
garcia_bddg,6v6,402,60417,1,1,2,success,5916,59.160000000000004,1,1,2,4.505010698343396,5916
garcia_bddg,6v6,403,60418,1,1,3,success,5927,59.27,1,1,3,4.70681095942189,5927
garcia_bddg,6v6,404,60419,1,1,2,success,5451,54.51,2,2,2,4.685317603138404,5451
garcia_bddg,6v6,405,60420,1,1,0,success,5261,52.61,2,2,0,4.662936482729747,5261
garcia_bddg,6v6,406,60421,0,0,,all_killed,4399,43.99,0,0,5,549.6972240753975,4399
garcia_bddg,6v6,407,60422,1,1,5,success,5414,54.14,2,2,5,4.538309137627029,5414
garcia_bddg,6v6,408,60423,1,1,3,success,5391,53.910000000000004,2,2,3,4.842795267292601,5391
garcia_bddg,6v6,409,60424,0,0,,all_killed,2084,20.84,0,0,4,1512.227830008086,2084
garcia_bddg,6v6,410,60425,0,0,,all_killed,2689,26.89,0,0,3,1525.7501686392764,2689
garcia_bddg,6v6,411,60426,1,1,4,success,5689,56.89,2,2,4,4.783551155518536,5689
garcia_bddg,6v6,412,60427,1,1,4,success,5836,58.36,1,1,4,4.802693965330406,5836
garcia_bddg,6v6,413,60428,1,1,3,success,5745,57.45,1,1,3,4.732849072869344,5745
garcia_bddg,6v6,414,60429,0,0,,all_killed,4979,49.79,0,0,3,179.65452914130432,4979
garcia_bddg,6v6,415,60430,1,1,2,success,5948,59.480000000000004,1,1,2,4.68603673467563,5948
garcia_bddg,6v6,416,60431,0,0,,all_killed,2328,23.28,0,0,2,1526.3367437899537,2026
garcia_bddg,6v6,417,60432,1,1,3,success,5434,54.34,2,2,3,4.5736808618810905,5434
garcia_bddg,6v6,418,60433,1,1,3,success,5667,56.67,2,2,3,4.9016034407635045,5667
garcia_bddg,6v6,419,60434,0,0,,all_killed,2181,21.81,0,0,4,1513.9283592556292,1813
garcia_bddg,6v6,420,60435,1,1,2,success,5889,58.89,1,1,2,4.592629666039743,5889
garcia_bddg,6v6,421,60436,0,0,,all_killed,2011,20.11,0,0,0,1480.0023003094877,2011
garcia_bddg,6v6,422,60437,1,1,3,success,5383,53.83,1,1,3,4.945107324024816,5383
garcia_bddg,6v6,423,60438,1,1,3,success,5601,56.01,1,1,3,4.655087016081294,5601
garcia_bddg,6v6,424,60439,0,0,,all_killed,2109,21.09,0,0,0,1553.1073281136903,1651
garcia_bddg,6v6,425,60440,1,1,1,success,5297,52.97,2,2,1,4.719721604953598,5297
garcia_bddg,6v6,426,60441,1,1,2,success,5773,57.730000000000004,1,1,2,4.738764038313678,5773
garcia_bddg,6v6,427,60442,1,1,5,success,5504,55.04,2,2,5,4.592592957572955,5504
garcia_bddg,6v6,428,60443,1,1,4,success,5634,56.34,2,2,4,4.65955739007127,5634
garcia_bddg,6v6,429,60444,0,0,,all_killed,5319,53.19,0,0,3,114.45990436907857,5202
garcia_bddg,6v6,430,60445,1,1,2,success,5082,50.82,2,2,2,4.583698474985259,5082
garcia_bddg,6v6,431,60446,0,0,,all_killed,5533,55.33,0,0,4,48.796782787176014,5533
garcia_bddg,6v6,432,60447,0,0,,all_killed,5600,56.0,0,0,3,155.33636962538074,5600
garcia_bddg,6v6,433,60448,0,0,,all_killed,2018,20.18,0,0,4,1590.4724959400965,1875
garcia_bddg,6v6,434,60449,0,0,,all_killed,5339,53.39,0,0,4,122.6319954611323,5339
garcia_bddg,6v6,435,60450,1,1,2,success,5849,58.49,1,1,2,4.895220628259064,5849
garcia_bddg,6v6,436,60451,1,1,4,success,5226,52.26,2,2,4,4.82255644662359,5226
garcia_bddg,6v6,437,60452,1,1,2,success,5558,55.58,2,2,2,4.912555181161743,5558
garcia_bddg,6v6,438,60453,1,1,4,success,5322,53.22,1,1,4,4.768686517442888,5322
garcia_bddg,6v6,439,60454,1,1,0,success,5363,53.63,2,2,0,4.817268123752452,5363
garcia_bddg,6v6,440,60455,0,0,,all_killed,2997,29.97,0,0,0,1396.2901778264822,2574
garcia_bddg,6v6,441,60456,1,1,5,success,5310,53.1,4,4,5,4.699203796585517,5310
garcia_bddg,6v6,442,60457,0,0,,all_killed,4812,48.120000000000005,0,0,5,457.1825943575752,4167
garcia_bddg,6v6,443,60458,0,0,,all_killed,5301,53.01,0,0,3,403.263662041138,5301
garcia_bddg,6v6,444,60459,0,0,,all_killed,5132,51.32,0,0,3,463.3843218559982,5132
garcia_bddg,6v6,445,60460,1,1,5,success,5425,54.25,1,1,5,4.811329214588195,5425
garcia_bddg,6v6,446,60461,1,1,2,success,5773,57.730000000000004,1,1,2,4.9990229134037545,5773
garcia_bddg,6v6,447,60462,0,0,,all_killed,4544,45.44,0,0,3,350.94589362646747,4544
garcia_bddg,6v6,448,60463,0,0,,all_killed,5689,56.89,0,0,2,5.778802624534074,5689
garcia_bddg,6v6,449,60464,1,1,4,success,5759,57.59,1,1,4,4.836696202540123,5759
garcia_bddg,6v6,450,60465,1,1,4,success,5474,54.74,1,1,4,4.584426602331666,5474
garcia_bddg,6v6,451,60466,0,0,,all_killed,2070,20.7,0,0,3,1580.2583253950575,2070
garcia_bddg,6v6,452,60467,1,1,2,success,5825,58.25,2,2,2,4.7659961206241075,5825
garcia_bddg,6v6,453,60468,0,0,,all_killed,5610,56.1,0,0,3,77.16110481230955,5610
garcia_bddg,6v6,454,60469,1,1,2,success,5509,55.09,2,2,2,4.672469590475052,5509
garcia_bddg,6v6,455,60470,1,1,3,success,5954,59.54,1,1,3,4.97834408810605,5954
garcia_bddg,6v6,456,60471,1,1,2,success,5675,56.75,1,1,2,4.893271343786145,5675
garcia_bddg,6v6,457,60472,1,1,4,success,6556,65.56,1,1,4,4.636532541678705,6556
garcia_bddg,6v6,458,60473,0,0,,all_killed,5056,50.56,0,0,3,268.9084678776197,5056
garcia_bddg,6v6,459,60474,1,1,4,success,5546,55.46,2,2,4,4.584602818565288,5546
garcia_bddg,6v6,460,60475,1,1,2,success,5944,59.44,1,1,2,4.8398425466532355,5944
garcia_bddg,6v6,461,60476,0,0,,all_killed,5024,50.24,0,0,2,251.30898313271226,5024
garcia_bddg,6v6,462,60477,1,1,2,success,5502,55.02,3,3,2,4.920704939229913,5502
garcia_bddg,6v6,463,60478,1,1,3,success,6296,62.96,1,1,3,4.525374524446969,6296
garcia_bddg,6v6,464,60479,1,1,1,success,5490,54.9,1,1,1,4.7302115203831905,5490
garcia_bddg,6v6,465,60480,1,1,3,success,5631,56.31,1,1,3,4.9394999287194326,5631
garcia_bddg,6v6,466,60481,1,1,1,success,5448,54.480000000000004,3,3,1,4.802864006731524,5448
garcia_bddg,6v6,467,60482,1,1,1,success,5444,54.44,1,1,1,4.507824579173853,5444
garcia_bddg,6v6,468,60483,1,1,5,success,5570,55.7,2,2,5,4.632082600104436,5570
garcia_bddg,6v6,469,60484,1,1,0,success,5317,53.17,2,2,0,4.698445625337041,5317
garcia_bddg,6v6,470,60485,1,1,2,success,5552,55.52,1,1,2,4.734160540147321,5552
garcia_bddg,6v6,471,60486,1,1,5,success,5509,55.09,2,2,5,4.706891596464382,5509
garcia_bddg,6v6,472,60487,1,1,3,success,5997,59.97,1,1,3,4.529139176605411,5997
garcia_bddg,6v6,473,60488,1,1,0,success,5445,54.45,2,2,0,4.56134444863815,5445
garcia_bddg,6v6,474,60489,1,1,3,success,6088,60.88,1,1,3,4.529149989298014,6088
garcia_bddg,6v6,475,60490,1,1,2,success,5733,57.33,2,2,2,4.92618066848602,5733
garcia_bddg,6v6,476,60491,1,1,3,success,5735,57.35,1,1,3,4.865390531547263,5735
garcia_bddg,6v6,477,60492,1,1,3,success,6002,60.02,1,1,3,4.854964945434652,6002
garcia_bddg,6v6,478,60493,1,1,3,success,5889,58.89,1,1,3,4.980034933463211,5889
garcia_bddg,6v6,479,60494,1,1,3,success,5910,59.1,1,1,3,4.623033869172963,5910
garcia_bddg,6v6,480,60495,1,1,4,success,5400,54.0,2,2,4,4.773685012897417,5400
garcia_bddg,6v6,481,60496,1,1,5,success,5917,59.17,1,1,5,4.782124938691162,5917
garcia_bddg,6v6,482,60497,1,1,4,success,5639,56.39,1,1,4,4.598899543500799,5639
garcia_bddg,6v6,483,60498,1,1,3,success,5779,57.79,1,1,3,4.841977384964192,5779
garcia_bddg,6v6,484,60499,1,1,3,success,5905,59.050000000000004,1,1,3,4.7454028448936,5905
garcia_bddg,6v6,485,60500,1,1,1,success,5297,52.97,2,2,1,4.792938803626428,5297
garcia_bddg,6v6,486,60501,1,1,1,success,5260,52.6,1,1,1,4.917520279145411,5260
garcia_bddg,6v6,487,60502,1,1,3,success,5750,57.5,2,2,3,4.719955520665201,5750
garcia_bddg,6v6,488,60503,1,1,1,success,5296,52.96,3,3,1,4.783411840040427,5296
garcia_bddg,6v6,489,60504,0,0,,all_killed,2149,21.490000000000002,0,0,5,1464.4896851214955,1865
garcia_bddg,6v6,490,60505,0,0,,all_killed,2199,21.990000000000002,0,0,5,1532.2111883217292,1737
garcia_bddg,6v6,491,60506,1,1,3,success,5468,54.68,2,2,3,4.947500384418701,5468
garcia_bddg,6v6,492,60507,0,0,,all_killed,4779,47.79,0,0,3,435.01733283496884,4779
garcia_bddg,6v6,493,60508,1,1,5,success,5294,52.94,2,2,5,4.752706491666228,5294
garcia_bddg,6v6,494,60509,1,1,5,success,5433,54.33,3,3,5,4.8111331492989615,5433
garcia_bddg,6v6,495,60510,1,1,4,success,5374,53.74,1,1,4,4.511376440982785,5374
garcia_bddg,6v6,496,60511,1,1,0,success,5311,53.11,2,2,0,4.886357286255102,5311
garcia_bddg,6v6,497,60512,1,1,1,success,5332,53.32,3,3,1,4.82417182249686,5332
garcia_bddg,6v6,498,60513,1,1,4,success,5531,55.31,1,1,4,4.880406224996221,5531
garcia_bddg,6v6,499,60514,0,0,,all_killed,5539,55.39,0,0,2,100.8920405360896,5539
garcia_bddg,6v6,500,60515,1,1,5,success,5387,53.870000000000005,2,2,5,4.637447854678477,5387
garcia_bddg,6v6,501,60516,0,0,,all_killed,6021,60.21,0,0,3,52.50774149748373,6021
garcia_bddg,6v6,502,60517,1,1,2,success,5706,57.06,1,1,2,4.686059702478236,5706
garcia_bddg,6v6,503,60518,0,0,,all_killed,2160,21.6,0,0,1,1521.9963302115275,2076
garcia_bddg,6v6,504,60519,1,1,3,success,5565,55.65,2,2,3,4.515649606642163,5565
garcia_bddg,6v6,505,60520,0,0,,all_killed,2122,21.22,0,0,0,1574.5307976664162,1381
garcia_bddg,6v6,506,60521,1,1,2,success,5882,58.82,2,2,2,4.737747986621372,5882
garcia_bddg,6v6,507,60522,1,1,5,success,5445,54.45,1,1,5,4.6148663019857885,5445
garcia_bddg,6v6,508,60523,0,0,,all_killed,4758,47.58,0,0,2,524.4045400458887,4758
garcia_bddg,6v6,509,60524,0,0,,all_killed,5347,53.47,0,0,2,55.721134695648935,5347
garcia_bddg,6v6,510,60525,0,0,,all_killed,2034,20.34,0,0,4,1554.9870546349189,1972
garcia_bddg,6v6,511,60526,1,1,4,success,5399,53.99,1,1,4,4.931534818882758,5399
garcia_bddg,6v6,512,60527,1,1,5,success,5314,53.14,1,1,5,4.6313262690461094,5314
garcia_bddg,6v6,513,60528,1,1,3,success,5809,58.09,2,2,3,4.980333998898391,5809
garcia_bddg,6v6,514,60529,1,1,5,success,5327,53.27,3,3,5,4.52263295027669,5327
garcia_bddg,6v6,515,60530,0,0,,all_killed,5921,59.21,0,0,3,18.00437803277648,5921
garcia_bddg,6v6,516,60531,1,1,3,success,5710,57.1,1,1,3,4.604084189100554,5710
garcia_bddg,6v6,517,60532,1,1,1,success,5698,56.980000000000004,2,2,1,4.988335174225684,5698
garcia_bddg,6v6,518,60533,0,0,,all_killed,5139,51.39,0,0,4,410.5304983465223,5139
garcia_bddg,6v6,519,60534,0,0,,all_killed,5564,55.64,0,0,3,84.08166846721815,5564
garcia_bddg,6v6,520,60535,1,1,2,success,6027,60.27,1,1,2,4.742928842604255,6027
garcia_bddg,6v6,521,60536,1,1,3,success,5541,55.410000000000004,2,2,3,4.7892515872414165,5541
garcia_bddg,6v6,522,60537,1,1,1,success,5067,50.67,2,2,1,4.822868074268859,5067
garcia_bddg,6v6,523,60538,1,1,2,success,5420,54.2,1,1,2,4.8035040131511675,5420
garcia_bddg,6v6,524,60539,0,0,,all_killed,5574,55.74,0,0,2,293.3120444874417,5574
garcia_bddg,6v6,525,60540,0,0,,all_killed,5578,55.78,0,0,3,215.43597686220465,5578
garcia_bddg,6v6,526,60541,0,0,,all_killed,5235,52.35,0,0,4,518.9767248939297,5235
garcia_bddg,6v6,527,60542,1,1,5,success,5164,51.64,3,3,5,4.773290456152639,5164
garcia_bddg,6v6,528,60543,1,1,4,success,6026,60.26,1,1,4,4.6572703971626295,6026
garcia_bddg,6v6,529,60544,0,0,,all_killed,6528,65.28,0,0,3,61.65307040376009,6528
garcia_bddg,6v6,530,60545,1,1,3,success,5899,58.99,1,1,3,4.503294183848486,5899
garcia_bddg,6v6,531,60546,1,1,1,success,5596,55.96,1,1,1,4.960238488297398,5596
garcia_bddg,6v6,532,60547,1,1,1,success,5488,54.88,1,1,1,4.535217243872502,5488
garcia_bddg,6v6,533,60548,1,1,4,success,5729,57.29,2,2,4,4.9749020290458175,5729
garcia_bddg,6v6,534,60549,1,1,4,success,5886,58.86,1,1,4,4.8996981355109055,5886
garcia_bddg,6v6,535,60550,1,1,2,success,5715,57.15,2,2,2,4.873624989303299,5715
garcia_bddg,6v6,536,60551,0,0,,all_killed,5893,58.93,0,0,3,148.9809322457329,5893
garcia_bddg,6v6,537,60552,1,1,1,success,5553,55.53,2,2,1,4.9427280268919995,5553
garcia_bddg,6v6,538,60553,1,1,4,success,5304,53.04,2,2,4,4.653569632485036,5304
garcia_bddg,6v6,539,60554,1,1,4,success,6109,61.09,1,1,4,4.980872051210055,6109
garcia_bddg,6v6,540,60555,1,1,4,success,6021,60.21,1,1,4,4.876124479986633,6021
garcia_bddg,6v6,541,60556,1,1,2,success,5833,58.33,1,1,2,4.586083403569456,5833
garcia_bddg,6v6,542,60557,0,0,,all_killed,2223,22.23,0,0,4,1563.992140183399,2223
garcia_bddg,6v6,543,60558,1,1,2,success,5373,53.730000000000004,1,1,2,4.636990350654734,5373
garcia_bddg,6v6,544,60559,1,1,2,success,5663,56.63,2,2,2,4.582004050273019,5663
garcia_bddg,6v6,545,60560,1,1,3,success,5832,58.32,1,1,3,4.695594458723238,5832
garcia_bddg,6v6,546,60561,1,1,0,success,5208,52.08,1,1,0,4.523036557241211,5208
garcia_bddg,6v6,547,60562,1,1,1,success,5527,55.27,2,2,1,4.682443008556848,5527
garcia_bddg,6v6,548,60563,1,1,2,success,5468,54.68,2,2,2,4.591692098359987,5468
garcia_bddg,6v6,549,60564,1,1,4,success,5559,55.59,1,1,4,4.7849816626247526,5559
garcia_bddg,6v6,550,60565,0,0,,all_killed,5535,55.35,0,0,2,31.919501958506764,5535
garcia_bddg,6v6,551,60566,1,1,2,success,5840,58.4,1,1,2,4.66036397596638,5840
garcia_bddg,6v6,552,60567,0,0,,all_killed,2350,23.5,0,0,1,1473.6436870119658,1925
garcia_bddg,6v6,553,60568,1,1,2,success,5287,52.870000000000005,2,2,2,4.561203900523299,5287
garcia_bddg,6v6,554,60569,1,1,2,success,5836,58.36,1,1,2,4.70867442612481,5836
garcia_bddg,6v6,555,60570,1,1,5,success,5403,54.03,2,2,5,4.649957991849699,5403
garcia_bddg,6v6,556,60571,1,1,4,success,5922,59.22,1,1,4,4.874852232805317,5922
garcia_bddg,6v6,557,60572,1,1,1,success,5257,52.57,2,2,1,4.6243253747425035,5257
garcia_bddg,6v6,558,60573,1,1,5,success,5326,53.26,2,2,5,4.89064814822756,5326
garcia_bddg,6v6,559,60574,0,0,,all_killed,2061,20.61,0,0,2,1494.233381500534,2061
garcia_bddg,6v6,560,60575,1,1,5,success,5388,53.88,2,2,5,4.539555714563266,5388
garcia_bddg,6v6,561,60576,1,1,4,success,5625,56.25,1,1,4,4.529729242894705,5625
garcia_bddg,6v6,562,60577,1,1,2,success,5902,59.02,2,2,2,4.592983480388643,5902
garcia_bddg,6v6,563,60578,1,1,3,success,5776,57.76,2,2,3,4.595755100715195,5776
garcia_bddg,6v6,564,60579,0,0,,all_killed,5331,53.31,0,0,4,171.477098284384,5331
garcia_bddg,6v6,565,60580,1,1,3,success,5605,56.050000000000004,1,1,3,4.593282870430605,5605
garcia_bddg,6v6,566,60581,1,1,4,success,5931,59.31,1,1,4,4.80734702096558,5931
garcia_bddg,6v6,567,60582,1,1,2,success,5441,54.410000000000004,2,2,2,4.781487890041263,5441
garcia_bddg,6v6,568,60583,0,0,,all_killed,2190,21.900000000000002,0,0,0,1525.5034484589926,1949
garcia_bddg,6v6,569,60584,1,1,3,success,5983,59.83,1,1,3,4.745876455526898,5983
garcia_bddg,6v6,570,60585,0,0,,all_killed,5029,50.29,0,0,4,345.45959097623415,5029
garcia_bddg,6v6,571,60586,1,1,3,success,5679,56.79,1,1,3,4.738006431062484,5679
garcia_bddg,6v6,572,60587,1,1,3,success,5441,54.410000000000004,1,1,3,4.903067916818671,5441
garcia_bddg,6v6,573,60588,1,1,5,success,5170,51.7,2,2,5,4.81979085923452,5170
garcia_bddg,6v6,574,60589,0,0,,all_killed,3581,35.81,0,0,3,1143.3280103601296,3581
garcia_bddg,6v6,575,60590,1,1,3,success,5663,56.63,1,1,3,4.767093456667343,5663
garcia_bddg,6v6,576,60591,1,1,4,success,5865,58.65,1,1,4,4.968471899850898,5865
garcia_bddg,6v6,577,60592,0,0,,all_killed,5439,54.39,0,0,0,103.36688422256805,4934
garcia_bddg,6v6,578,60593,1,1,5,success,5750,57.5,3,3,5,4.952210653059838,5750
garcia_bddg,6v6,579,60594,1,1,3,success,6023,60.230000000000004,1,1,3,4.858410532508649,6023
garcia_bddg,6v6,580,60595,0,0,,all_killed,4571,45.71,0,0,4,367.5181853050479,4571
garcia_bddg,6v6,581,60596,1,1,2,success,5845,58.45,1,1,2,4.5340865533017505,5845
garcia_bddg,6v6,582,60597,0,0,,all_killed,5347,53.47,0,0,2,88.92412348018844,5347
garcia_bddg,6v6,583,60598,0,0,,all_killed,5712,57.120000000000005,0,0,4,7.051294123555251,5712
garcia_bddg,6v6,584,60599,1,1,3,success,5595,55.95,1,1,3,4.935352672133483,5595
garcia_bddg,6v6,585,60600,1,1,3,success,6017,60.17,1,1,3,4.502001630921774,6017
garcia_bddg,6v6,586,60601,1,1,4,success,5717,57.17,1,1,4,4.994513314602213,5717
garcia_bddg,6v6,587,60602,0,0,,all_killed,6429,64.29,0,0,3,24.946380257454887,6429
garcia_bddg,6v6,588,60603,1,1,3,success,5622,56.22,1,1,3,4.6624828596516235,5622
garcia_bddg,6v6,589,60604,0,0,,all_killed,5069,50.69,0,0,3,439.21587738978286,5069
garcia_bddg,6v6,590,60605,1,1,2,success,5873,58.730000000000004,1,1,2,4.861753787556801,5873
garcia_bddg,6v6,591,60606,1,1,3,success,5797,57.97,1,1,3,4.6649312186549245,5797
garcia_bddg,6v6,592,60607,1,1,4,success,5620,56.2,2,2,4,4.904065549949522,5620
garcia_bddg,6v6,593,60608,1,1,0,success,5356,53.56,2,2,0,4.6011570424034005,5356
garcia_bddg,6v6,594,60609,0,0,,all_killed,4975,49.75,0,0,3,325.3923644652441,4975
garcia_bddg,6v6,595,60610,1,1,2,success,5212,52.120000000000005,2,2,2,4.8518669683527,5212
garcia_bddg,6v6,596,60611,1,1,5,success,5454,54.54,2,2,5,4.842014540580558,5454
garcia_bddg,6v6,597,60612,1,1,4,success,5324,53.24,2,2,4,4.5394796050391095,5324
garcia_bddg,6v6,598,60613,1,1,1,success,5705,57.050000000000004,2,2,1,4.965899450822677,5705
garcia_bddg,6v6,599,60614,1,1,3,success,5417,54.17,2,2,3,4.935332837712804,5417
garcia_bddg,6v6,600,60615,1,1,4,success,5485,54.85,1,1,4,4.579985627253961,5485
garcia_bddg,6v6,601,60616,1,1,4,success,5307,53.07,2,2,4,4.7723135997767905,5307
garcia_bddg,6v6,602,60617,1,1,0,success,5434,54.34,2,2,0,4.629949109674335,5434
garcia_bddg,6v6,603,60618,0,0,,all_killed,2428,24.28,0,0,1,1553.6087020710038,1678
garcia_bddg,6v6,604,60619,1,1,2,success,5461,54.61,1,1,2,4.890909016893101,5461
garcia_bddg,6v6,605,60620,1,1,4,success,5460,54.6,1,1,4,4.969743686582352,5460
garcia_bddg,6v6,606,60621,1,1,1,success,5189,51.89,2,2,1,4.852043832069844,5189
garcia_bddg,6v6,607,60622,1,1,2,success,5646,56.46,2,2,2,4.588602733912175,5646
garcia_bddg,6v6,608,60623,0,0,,all_killed,5395,53.95,0,0,3,126.96617702040169,5395
garcia_bddg,6v6,609,60624,0,0,,all_killed,5978,59.78,0,0,2,39.58398998041939,5978
garcia_bddg,6v6,610,60625,0,0,,all_killed,4967,49.67,0,0,4,363.11041069569325,4967
garcia_bddg,6v6,611,60626,1,1,4,success,5516,55.160000000000004,3,3,4,4.684655093203787,5516
garcia_bddg,6v6,612,60627,1,1,5,success,5469,54.69,2,2,5,4.928701265773695,5469
garcia_bddg,6v6,613,60628,1,1,0,success,5555,55.550000000000004,1,1,0,4.8012468648650595,5555
garcia_bddg,6v6,614,60629,1,1,5,success,5238,52.38,1,1,5,4.914208985430848,5238
garcia_bddg,6v6,615,60630,0,0,,all_killed,4759,47.59,0,0,0,619.1076562076244,3394
garcia_bddg,6v6,616,60631,1,1,2,success,5845,58.45,1,1,2,4.990160759943032,5845
garcia_bddg,6v6,617,60632,0,0,,all_killed,3645,36.45,0,0,3,895.2316856112002,3645
garcia_bddg,6v6,618,60633,0,0,,all_killed,5499,54.99,0,0,3,123.54674200803308,5499
garcia_bddg,6v6,619,60634,1,1,3,success,5919,59.19,1,1,3,4.889888025438228,5919
garcia_bddg,6v6,620,60635,1,1,1,success,4930,49.300000000000004,2,2,1,4.959653625148976,4930
garcia_bddg,6v6,621,60636,1,1,2,success,5505,55.050000000000004,2,2,2,4.548880262712729,5505
garcia_bddg,6v6,622,60637,0,0,,all_killed,5086,50.86,0,0,4,361.1568476818135,5086
garcia_bddg,6v6,623,60638,0,0,,all_killed,2462,24.62,0,0,3,1504.6142652264825,2462
garcia_bddg,6v6,624,60639,1,1,3,success,5942,59.42,2,2,3,4.678393676874732,5942
garcia_bddg,6v6,625,60640,1,1,2,success,5344,53.44,2,2,2,4.599227519808635,5344
garcia_bddg,6v6,626,60641,1,1,3,success,6163,61.63,1,1,3,4.506868286079857,6163
garcia_bddg,6v6,627,60642,1,1,3,success,5916,59.160000000000004,1,1,3,4.715539975807188,5916
garcia_bddg,6v6,628,60643,1,1,3,success,6162,61.620000000000005,1,1,3,4.717721492830953,6162
garcia_bddg,6v6,629,60644,0,0,,all_killed,5997,59.97,0,0,3,70.1958393409353,5997
garcia_bddg,6v6,630,60645,1,1,3,success,5999,59.99,1,1,3,4.533022622290833,5999
garcia_bddg,6v6,631,60646,1,1,3,success,5493,54.93,2,2,3,4.571458889499068,5493
garcia_bddg,6v6,632,60647,1,1,0,success,5711,57.11,1,1,0,4.937248933183384,5711
garcia_bddg,6v6,633,60648,1,1,3,success,5648,56.480000000000004,2,2,3,4.576613459760835,5648
garcia_bddg,6v6,634,60649,1,1,1,success,5207,52.07,1,1,1,4.860999150010265,5207
garcia_bddg,6v6,635,60650,1,1,5,success,5255,52.550000000000004,4,4,5,4.739818450940022,5255
garcia_bddg,6v6,636,60651,1,1,4,success,5236,52.36,2,2,4,4.902481493133571,5236
garcia_bddg,6v6,637,60652,0,0,,all_killed,4691,46.910000000000004,0,0,3,719.6638320515284,4691
garcia_bddg,6v6,638,60653,1,1,3,success,5746,57.46,1,1,3,4.517315679855382,5746
garcia_bddg,6v6,639,60654,1,1,5,success,5328,53.28,2,2,5,4.770017266283056,5328
garcia_bddg,6v6,640,60655,1,1,3,success,5660,56.6,1,1,3,4.632882124793082,5660
garcia_bddg,6v6,641,60656,0,0,,all_killed,2165,21.650000000000002,0,0,2,1553.749074949386,1976
garcia_bddg,6v6,642,60657,0,0,,all_killed,4607,46.07,0,0,5,230.10272874119735,4607
garcia_bddg,6v6,643,60658,0,0,,all_killed,4821,48.21,0,0,5,163.07977141304224,4821
garcia_bddg,6v6,644,60659,1,1,2,success,5698,56.980000000000004,1,1,2,4.787915916300966,5698
garcia_bddg,6v6,645,60660,1,1,4,success,5692,56.92,2,2,4,4.544262313392699,5692
garcia_bddg,6v6,646,60661,0,0,,all_killed,2264,22.64,0,0,4,1481.8973569576697,2090
garcia_bddg,6v6,647,60662,0,0,,all_killed,5311,53.11,0,0,3,188.8745318648899,5311
garcia_bddg,6v6,648,60663,1,1,5,success,5432,54.32,2,2,5,4.903216769827502,5432
garcia_bddg,6v6,649,60664,0,0,,all_killed,5513,55.13,0,0,4,39.94443171284602,5513
garcia_bddg,6v6,650,60665,0,0,,all_killed,2346,23.46,0,0,1,1374.0419774798897,2346
garcia_bddg,6v6,651,60666,0,0,,all_killed,6068,60.68,0,0,4,21.319942510417377,5356
garcia_bddg,6v6,652,60667,1,1,4,success,5935,59.35,2,2,4,4.961705243614058,5935
garcia_bddg,6v6,653,60668,0,0,,all_killed,5737,57.370000000000005,0,0,2,67.09485463950361,5737
garcia_bddg,6v6,654,60669,1,1,3,success,5735,57.35,1,1,3,4.931607282647501,5735
garcia_bddg,6v6,655,60670,0,0,,all_killed,5039,50.39,0,0,4,226.94394841748354,5039
garcia_bddg,6v6,656,60671,0,0,,all_killed,4384,43.84,0,0,0,500.00111880065964,4384
garcia_bddg,6v6,657,60672,1,1,4,success,5536,55.36,1,1,4,4.96677550615603,5536
garcia_bddg,6v6,658,60673,1,1,3,success,5642,56.42,1,1,3,4.873261334939069,5642
garcia_bddg,6v6,659,60674,1,1,3,success,6167,61.67,2,2,3,4.690169455846038,6167
garcia_bddg,6v6,660,60675,1,1,2,success,5630,56.300000000000004,1,1,2,4.971975739026071,5630
garcia_bddg,6v6,661,60676,1,1,2,success,5554,55.54,2,2,2,4.6338751271495076,5554
garcia_bddg,6v6,662,60677,1,1,1,success,5392,53.92,1,1,1,4.517939540874781,5392
garcia_bddg,6v6,663,60678,1,1,4,success,5730,57.300000000000004,2,2,4,4.5270894654055835,5730
garcia_bddg,6v6,664,60679,0,0,,all_killed,5352,53.52,0,0,3,79.47302702276468,5352
garcia_bddg,6v6,665,60680,1,1,2,success,6352,63.52,1,1,2,4.989133517450357,6352
garcia_bddg,6v6,666,60681,1,1,2,success,5348,53.480000000000004,1,1,2,4.556938415522515,5348
garcia_bddg,6v6,667,60682,0,0,,all_killed,5097,50.97,0,0,2,356.5218232589674,5097
garcia_bddg,6v6,668,60683,1,1,3,success,5682,56.82,2,2,3,4.559668423118891,5682
garcia_bddg,6v6,669,60684,1,1,5,success,5537,55.370000000000005,1,1,5,4.57809105597986,5537
garcia_bddg,6v6,670,60685,0,0,,all_killed,5534,55.34,0,0,3,88.88177106653973,5534
garcia_bddg,6v6,671,60686,1,1,3,success,5987,59.870000000000005,1,1,3,4.549524537797906,5987
garcia_bddg,6v6,672,60687,1,1,2,success,6082,60.82,1,1,2,4.500420414664356,6082
garcia_bddg,6v6,673,60688,1,1,3,success,5512,55.120000000000005,2,2,3,4.95098877392003,5512
garcia_bddg,6v6,674,60689,1,1,0,success,5327,53.27,3,3,0,4.657848620114352,5327
garcia_bddg,6v6,675,60690,0,0,,all_killed,4052,40.52,0,0,3,1049.5946387244269,4052
garcia_bddg,6v6,676,60691,1,1,0,success,4918,49.18,3,3,0,4.991503279728411,4918
garcia_bddg,6v6,677,60692,0,0,,all_killed,5834,58.34,0,0,3,128.7724255798635,5834
garcia_bddg,6v6,678,60693,1,1,3,success,6023,60.230000000000004,1,1,3,4.640055559148423,6023
garcia_bddg,6v6,679,60694,0,0,,all_killed,4573,45.730000000000004,0,0,3,451.59040514245896,4573
garcia_bddg,6v6,680,60695,1,1,3,success,5837,58.370000000000005,1,1,3,4.694291259835957,5837
garcia_bddg,6v6,681,60696,0,0,,all_killed,2195,21.95,0,0,2,1569.5420594145644,2195
garcia_bddg,6v6,682,60697,1,1,4,success,5709,57.09,2,2,4,4.824552662023393,5709
garcia_bddg,6v6,683,60698,1,1,3,success,6144,61.44,1,1,3,4.815674560536322,6144
garcia_bddg,6v6,684,60699,1,1,1,success,5343,53.43,2,2,1,4.7578677118759325,5343
garcia_bddg,6v6,685,60700,1,1,5,success,5517,55.17,2,2,5,4.632506517289941,5517
garcia_bddg,6v6,686,60701,1,1,2,success,5907,59.07,1,1,2,4.731959016909634,5907
garcia_bddg,6v6,687,60702,0,0,,all_killed,5380,53.800000000000004,0,0,3,208.18909659987852,5380
garcia_bddg,6v6,688,60703,1,1,4,success,5847,58.47,1,1,4,4.5712921882018955,5847
garcia_bddg,6v6,689,60704,0,0,,all_killed,5293,52.93,0,0,3,300.77582265537455,5293
garcia_bddg,6v6,690,60705,0,0,,all_killed,2113,21.13,0,0,3,1520.6908272267647,2027
garcia_bddg,6v6,691,60706,0,0,,all_killed,6131,61.31,0,0,2,216.75626138341278,6131
garcia_bddg,6v6,692,60707,1,1,4,success,6076,60.76,1,1,4,4.719646157711907,6076
garcia_bddg,6v6,693,60708,1,1,2,success,5648,56.480000000000004,1,1,2,4.835167837674005,5648
garcia_bddg,6v6,694,60709,1,1,4,success,5554,55.54,2,2,4,4.544675204454049,5554
garcia_bddg,6v6,695,60710,0,0,,all_killed,5174,51.74,0,0,3,235.4755348343111,5174
garcia_bddg,6v6,696,60711,1,1,5,success,5901,59.01,1,1,5,4.842315692566272,5901
garcia_bddg,6v6,697,60712,0,0,,all_killed,3319,33.19,0,0,3,1264.7296612444968,3319
garcia_bddg,6v6,698,60713,0,0,,all_killed,2210,22.1,0,0,1,1523.892928881555,1519
garcia_bddg,6v6,699,60714,1,1,3,success,5949,59.49,1,1,3,4.63717678623112,5949
garcia_bddg,6v6,700,60715,1,1,1,success,5054,50.54,3,3,1,4.518402786456732,5054
garcia_bddg,6v6,701,60716,1,1,0,success,5167,51.67,3,3,0,4.826305821947944,5167
garcia_bddg,6v6,702,60717,1,1,4,success,5466,54.660000000000004,1,1,4,4.782951936565814,5466
garcia_bddg,6v6,703,60718,1,1,1,success,5300,53.0,2,2,1,4.5650306165510415,5300
garcia_bddg,6v6,704,60719,1,1,2,success,5662,56.620000000000005,1,1,2,4.809779065771535,5662
garcia_bddg,6v6,705,60720,1,1,3,success,5534,55.34,1,1,3,4.864404177621666,5534
garcia_bddg,6v6,706,60721,1,1,2,success,5781,57.81,2,2,2,4.538062620704224,5781
garcia_bddg,6v6,707,60722,1,1,3,success,5473,54.730000000000004,2,2,3,4.8364560600523925,5473
garcia_bddg,6v6,708,60723,1,1,4,success,5644,56.44,1,1,4,4.923673474828569,5644
garcia_bddg,6v6,709,60724,1,1,2,success,5762,57.620000000000005,1,1,2,4.557962245440186,5762
garcia_bddg,6v6,710,60725,1,1,3,success,5662,56.620000000000005,1,1,3,4.522781851214832,5662
garcia_bddg,6v6,711,60726,1,1,4,success,5679,56.79,2,2,4,4.717060913690982,5679
garcia_bddg,6v6,712,60727,0,0,,all_killed,4472,44.72,0,0,0,393.2357940357768,3947
garcia_bddg,6v6,713,60728,1,1,5,success,5388,53.88,1,1,5,4.911511578838847,5388
garcia_bddg,6v6,714,60729,1,1,5,success,5428,54.28,4,4,5,4.7091005533422665,5428
garcia_bddg,6v6,715,60730,1,1,2,success,5450,54.5,1,1,2,4.874992153549931,5450
garcia_bddg,6v6,716,60731,1,1,4,success,5865,58.65,2,2,4,4.6727706911301405,5865
garcia_bddg,6v6,717,60732,1,1,0,success,5566,55.660000000000004,1,1,0,4.618493847941993,5566
garcia_bddg,6v6,718,60733,1,1,2,success,5866,58.660000000000004,1,1,2,4.849531392744743,5866
garcia_bddg,6v6,719,60734,1,1,4,success,5838,58.38,1,1,4,4.53217471061039,5838
garcia_bddg,6v6,720,60735,1,1,3,success,5813,58.13,1,1,3,4.859697287749492,5813
garcia_bddg,6v6,721,60736,0,0,,all_killed,5266,52.660000000000004,0,0,3,5.377525923197733,5266
garcia_bddg,6v6,722,60737,1,1,1,success,5383,53.83,1,1,1,4.7373004660504066,5383
garcia_bddg,6v6,723,60738,1,1,4,success,5200,52.0,2,2,4,4.913022690834334,5200
garcia_bddg,6v6,724,60739,1,1,4,success,5298,52.980000000000004,2,2,4,4.823721460173346,5298
garcia_bddg,6v6,725,60740,1,1,4,success,5667,56.67,1,1,4,4.650288189341273,5667
garcia_bddg,6v6,726,60741,1,1,2,success,5564,55.64,2,2,2,4.777809087442168,5564
garcia_bddg,6v6,727,60742,0,0,,all_killed,2109,21.09,0,0,1,1518.3141949924131,2053
garcia_bddg,6v6,728,60743,1,1,4,success,5214,52.14,3,3,4,4.77531294373523,5214
garcia_bddg,6v6,729,60744,1,1,1,success,5502,55.02,1,1,1,4.711669211114915,5502
garcia_bddg,6v6,730,60745,1,1,4,success,5822,58.22,1,1,4,4.622299249037017,5822
garcia_bddg,6v6,731,60746,1,1,4,success,5569,55.69,2,2,4,4.84730014468713,5569
garcia_bddg,6v6,732,60747,1,1,4,success,5569,55.69,2,2,4,4.565522847931236,5569
garcia_bddg,6v6,733,60748,1,1,3,success,5424,54.24,1,1,3,4.847840908445605,5424
garcia_bddg,6v6,734,60749,1,1,3,success,5964,59.64,1,1,3,4.524531547850653,5964
garcia_bddg,6v6,735,60750,1,1,4,success,6086,60.86,1,1,4,4.670452256377243,6086
garcia_bddg,6v6,736,60751,1,1,0,success,5355,53.550000000000004,2,2,0,4.860903072279274,5355
garcia_bddg,6v6,737,60752,1,1,3,success,5893,58.93,2,2,3,4.679979974035781,5893
garcia_bddg,6v6,738,60753,0,0,,all_killed,2129,21.29,0,0,5,1548.2284601528117,1693
garcia_bddg,6v6,739,60754,1,1,1,success,5174,51.74,2,2,1,4.85014259721272,5174
garcia_bddg,6v6,740,60755,1,1,4,success,5912,59.120000000000005,1,1,4,4.58769448065064,5912
garcia_bddg,6v6,741,60756,1,1,0,success,5540,55.4,1,1,0,4.517185806942487,5540
garcia_bddg,6v6,742,60757,1,1,4,success,5998,59.980000000000004,1,1,4,4.743355827336157,5998
garcia_bddg,6v6,743,60758,1,1,2,success,5700,57.0,1,1,2,4.827932970890005,5700
garcia_bddg,6v6,744,60759,0,0,,all_killed,2628,26.28,0,0,3,1369.9517303501193,2628
garcia_bddg,6v6,745,60760,0,0,,all_killed,4239,42.39,0,0,2,848.9505756666964,4239
garcia_bddg,6v6,746,60761,0,0,,all_killed,5183,51.83,0,0,3,278.3898977879432,5183
garcia_bddg,6v6,747,60762,0,0,,all_killed,2068,20.68,0,0,1,1521.909870944911,1612
garcia_bddg,6v6,748,60763,1,1,0,success,5557,55.57,2,2,0,4.902293618799549,5557
garcia_bddg,6v6,749,60764,1,1,3,success,6016,60.160000000000004,1,1,3,4.68921341773427,6016
garcia_bddg,6v6,750,60765,1,1,4,success,5775,57.75,2,2,4,4.5335182430211045,5775
garcia_bddg,6v6,751,60766,1,1,3,success,5455,54.550000000000004,1,1,3,4.71191501115959,5455
garcia_bddg,6v6,752,60767,1,1,2,success,5729,57.29,1,1,2,4.889573647016147,5729
garcia_bddg,6v6,753,60768,1,1,3,success,6184,61.84,1,1,3,4.78524519842763,6184
garcia_bddg,6v6,754,60769,1,1,3,success,5421,54.21,1,1,3,4.609071738978336,5421
garcia_bddg,6v6,755,60770,1,1,3,success,5663,56.63,1,1,3,4.803721068750771,5663
garcia_bddg,6v6,756,60771,1,1,0,success,5456,54.56,2,2,0,4.546163728022429,5456
garcia_bddg,6v6,757,60772,1,1,2,success,5765,57.65,1,1,2,4.797432681708274,5765
garcia_bddg,6v6,758,60773,1,1,4,success,5476,54.76,2,2,4,4.892508632144621,5476
garcia_bddg,6v6,759,60774,1,1,5,success,5159,51.59,2,2,5,4.656853262585111,5159
garcia_bddg,6v6,760,60775,0,0,,all_killed,5545,55.45,0,0,3,81.37716224984726,5545
garcia_bddg,6v6,761,60776,1,1,4,success,5770,57.7,2,2,4,4.766612317789278,5770
garcia_bddg,6v6,762,60777,1,1,1,success,5213,52.13,2,2,1,4.628164747154775,5213
garcia_bddg,6v6,763,60778,1,1,1,success,4875,48.75,2,2,1,4.980833452444467,4875
garcia_bddg,6v6,764,60779,1,1,3,success,5704,57.04,1,1,3,4.505463838464172,5704
garcia_bddg,6v6,765,60780,0,0,,all_killed,2107,21.07,0,0,0,1494.1818657676674,1534
garcia_bddg,6v6,766,60781,1,1,2,success,5301,53.01,1,1,2,4.61312085936404,5301
garcia_bddg,6v6,767,60782,1,1,5,success,5624,56.24,1,1,5,4.958280322584587,5624
garcia_bddg,6v6,768,60783,0,0,,all_killed,5425,54.25,0,0,3,278.4361944914076,5425
garcia_bddg,6v6,769,60784,1,1,4,success,5648,56.480000000000004,1,1,4,4.560602208076318,5648
garcia_bddg,6v6,770,60785,1,1,5,success,5772,57.72,2,2,5,4.997177121895154,5772
garcia_bddg,6v6,771,60786,0,0,,all_killed,2131,21.31,0,0,0,1503.5508132998336,1401
garcia_bddg,6v6,772,60787,1,1,3,success,5621,56.21,2,2,3,4.543705040159319,5621
garcia_bddg,6v6,773,60788,0,0,,all_killed,6344,63.440000000000005,0,0,1,125.35920047354622,5096
garcia_bddg,6v6,774,60789,0,0,,all_killed,5203,52.03,0,0,4,208.36072095009754,5203
garcia_bddg,6v6,775,60790,1,1,4,success,5291,52.910000000000004,1,1,4,4.543260551706553,5291
garcia_bddg,6v6,776,60791,0,0,,all_killed,2971,29.71,0,0,3,1357.440008074355,2971
garcia_bddg,6v6,777,60792,1,1,0,success,4730,47.300000000000004,2,2,0,4.6458253021201585,4730
garcia_bddg,6v6,778,60793,1,1,5,success,5563,55.63,2,2,5,4.501337738205908,5563
garcia_bddg,6v6,779,60794,1,1,3,success,6146,61.46,1,1,3,4.763007432784301,6146
garcia_bddg,6v6,780,60795,1,1,5,success,5407,54.07,2,2,5,4.899514307692328,5407
garcia_bddg,6v6,781,60796,0,0,,all_killed,2234,22.34,0,0,4,1572.7684917746165,1814
garcia_bddg,6v6,782,60797,1,1,0,success,5359,53.59,2,2,0,4.60778116639797,5359
garcia_bddg,6v6,783,60798,0,0,,all_killed,2223,22.23,0,0,3,1519.329643983194,2223
garcia_bddg,6v6,784,60799,1,1,1,success,5665,56.65,2,2,1,4.7876481359964,5665
garcia_bddg,6v6,785,60800,1,1,5,success,5259,52.59,2,2,5,4.858426032136942,5259
garcia_bddg,6v6,786,60801,1,1,1,success,5283,52.83,3,3,1,4.9977157936192285,5283
garcia_bddg,6v6,787,60802,0,0,,all_killed,3252,32.52,0,0,4,1121.5847277578516,3252
garcia_bddg,6v6,788,60803,1,1,2,success,5491,54.910000000000004,1,1,2,4.847665322382375,5491
garcia_bddg,6v6,789,60804,1,1,3,success,6246,62.46,1,1,3,4.760325844078666,6246
garcia_bddg,6v6,790,60805,1,1,3,success,6099,60.99,1,1,3,4.923108412775569,6099
garcia_bddg,6v6,791,60806,0,0,,all_killed,5046,50.46,0,0,4,236.47360813789632,5046
garcia_bddg,6v6,792,60807,1,1,3,success,6135,61.35,1,1,3,4.862217960183788,6135
garcia_bddg,6v6,793,60808,1,1,5,success,5154,51.54,3,3,5,4.848435069659427,5154
garcia_bddg,6v6,794,60809,1,1,3,success,6211,62.11,1,1,3,4.688911095699928,6211
garcia_bddg,6v6,795,60810,0,0,,all_killed,2140,21.400000000000002,0,0,2,1574.7082746076699,1982
garcia_bddg,6v6,796,60811,0,0,,all_killed,4407,44.07,0,0,1,491.125044292635,4407
garcia_bddg,6v6,797,60812,0,0,,all_killed,5855,58.550000000000004,0,0,3,4.658043208455348,5855
garcia_bddg,6v6,798,60813,1,1,1,success,5580,55.800000000000004,1,1,1,4.735077573425006,5580
garcia_bddg,6v6,799,60814,1,1,0,success,5508,55.08,2,2,0,4.679084070658257,5508
garcia_bddg,6v6,800,60815,1,1,3,success,5855,58.550000000000004,1,1,3,4.711424084534288,5855
garcia_bddg,6v6,801,60816,0,0,,all_killed,2173,21.73,0,0,1,1526.3126651296707,1900
garcia_bddg,6v6,802,60817,0,0,,all_killed,5365,53.65,0,0,2,139.1859060556424,5365
garcia_bddg,6v6,803,60818,1,1,2,success,5521,55.21,2,2,2,4.579623367497886,5521
garcia_bddg,6v6,804,60819,0,0,,all_killed,4817,48.17,0,0,4,303.8059266411248,4817
garcia_bddg,6v6,805,60820,1,1,3,success,5553,55.53,1,1,3,4.935424389808091,5553
garcia_bddg,6v6,806,60821,1,1,0,success,5185,51.85,2,2,0,4.711359243102495,5185
garcia_bddg,6v6,807,60822,1,1,5,success,5468,54.68,2,2,5,4.519034813492148,5468
garcia_bddg,6v6,808,60823,1,1,4,success,5491,54.910000000000004,1,1,4,4.6638426460275895,5491
garcia_bddg,6v6,809,60824,0,0,,all_killed,2090,20.900000000000002,0,0,0,1444.4912778038106,1843
garcia_bddg,6v6,810,60825,0,0,,all_killed,5125,51.25,0,0,2,222.85432903528115,5125
garcia_bddg,6v6,811,60826,0,0,,all_killed,5780,57.800000000000004,0,0,3,436.25697653324744,5780
garcia_bddg,6v6,812,60827,1,1,2,success,5914,59.14,1,1,2,4.814939371967091,5914
garcia_bddg,6v6,813,60828,0,0,,all_killed,2190,21.900000000000002,0,0,2,1474.619787679794,2190
garcia_bddg,6v6,814,60829,0,0,,all_killed,5211,52.11,0,0,3,95.86502833217304,5211
garcia_bddg,6v6,815,60830,0,0,,all_killed,2066,20.66,0,0,4,1568.5519731376576,2021
garcia_bddg,6v6,816,60831,1,1,3,success,5575,55.75,1,1,3,4.741137373982071,5575
garcia_bddg,6v6,817,60832,1,1,2,success,5349,53.49,1,1,2,4.92855838849255,5349
garcia_bddg,6v6,818,60833,1,1,5,success,5583,55.83,2,2,5,4.651888027007965,5583
garcia_bddg,6v6,819,60834,1,1,4,success,6199,61.99,1,1,4,4.8970470605609195,6199
garcia_bddg,6v6,820,60835,0,0,,all_killed,5323,53.230000000000004,0,0,2,144.69181565613752,5323
garcia_bddg,6v6,821,60836,1,1,0,success,4888,48.88,2,2,0,4.588381249767745,4888
garcia_bddg,6v6,822,60837,1,1,4,success,5589,55.89,1,1,4,4.932155360076737,5589
garcia_bddg,6v6,823,60838,1,1,2,success,5485,54.85,1,1,2,4.828786075755192,5485
garcia_bddg,6v6,824,60839,0,0,,all_killed,4766,47.660000000000004,0,0,3,703.6550690397297,4766
garcia_bddg,6v6,825,60840,0,0,,all_killed,2261,22.61,0,0,2,1514.7983947722425,2057
garcia_bddg,6v6,826,60841,1,1,3,success,5556,55.56,1,1,3,4.544156084989457,5556
garcia_bddg,6v6,827,60842,1,1,4,success,5658,56.58,1,1,4,4.822774731135821,5658
garcia_bddg,6v6,828,60843,1,1,2,success,5907,59.07,1,1,2,4.607728010390232,5907
garcia_bddg,6v6,829,60844,1,1,5,success,5304,53.04,1,1,5,4.850567461075737,5304
garcia_bddg,6v6,830,60845,1,1,1,success,5182,51.82,1,1,1,4.735756795031952,5182
garcia_bddg,6v6,831,60846,0,0,,all_killed,2072,20.72,0,0,0,1538.006368657545,1287
garcia_bddg,6v6,832,60847,1,1,5,success,5088,50.88,3,3,5,4.560783701377771,5088
garcia_bddg,6v6,833,60848,0,0,,all_killed,5130,51.300000000000004,0,0,2,187.99267667818887,5130
garcia_bddg,6v6,834,60849,1,1,3,success,5606,56.06,3,3,3,4.535681791001142,5606
garcia_bddg,6v6,835,60850,1,1,1,success,5431,54.31,3,3,1,4.785167036730191,5431
garcia_bddg,6v6,836,60851,1,1,4,success,5732,57.32,1,1,4,4.714810521472524,5732
garcia_bddg,6v6,837,60852,1,1,5,success,5521,55.21,2,2,5,4.8445281849856805,5521
garcia_bddg,6v6,838,60853,0,0,,all_killed,5089,50.89,0,0,2,296.5627468750791,5089
garcia_bddg,6v6,839,60854,1,1,2,success,6073,60.730000000000004,1,1,2,4.738689630532494,6073
garcia_bddg,6v6,840,60855,1,1,2,success,5433,54.33,1,1,2,4.674457781782544,5433
garcia_bddg,6v6,841,60856,1,1,4,success,6040,60.4,1,1,4,4.5993635755729665,6040
garcia_bddg,6v6,842,60857,1,1,2,success,5413,54.13,1,1,2,4.696637232461977,5413
garcia_bddg,6v6,843,60858,0,0,,all_killed,4839,48.39,0,0,1,330.4837031248886,4839
garcia_bddg,6v6,844,60859,1,1,0,success,5271,52.71,1,1,0,4.575071035479779,5271
garcia_bddg,6v6,845,60860,1,1,2,success,5635,56.35,1,1,2,4.655283200774079,5635
garcia_bddg,6v6,846,60861,1,1,2,success,5680,56.800000000000004,2,2,2,4.6490852672885445,5680
garcia_bddg,6v6,847,60862,0,0,,all_killed,3150,31.5,0,0,3,1315.9606565175718,3150
garcia_bddg,6v6,848,60863,1,1,4,success,6042,60.42,1,1,4,4.900657476806027,6042
garcia_bddg,6v6,849,60864,1,1,5,success,5527,55.27,2,2,5,4.995473378656879,5527
garcia_bddg,6v6,850,60865,1,1,4,success,5903,59.03,1,1,4,4.5612478335546704,5903
garcia_bddg,6v6,851,60866,1,1,4,success,5503,55.03,2,2,4,4.672303280672259,5503
garcia_bddg,6v6,852,60867,1,1,1,success,5414,54.14,1,1,1,4.649044210996974,5414
garcia_bddg,6v6,853,60868,0,0,,all_killed,2123,21.23,0,0,1,1488.3043865642928,1906
garcia_bddg,6v6,854,60869,1,1,1,success,5224,52.24,1,1,1,4.686587711303301,5224
garcia_bddg,6v6,855,60870,1,1,3,success,5722,57.22,2,2,3,4.747538213035265,5722
garcia_bddg,6v6,856,60871,0,0,,all_killed,5170,51.7,0,0,3,259.4131093418909,5170
garcia_bddg,6v6,857,60872,1,1,3,success,6137,61.370000000000005,1,1,3,4.927558130036403,6137
garcia_bddg,6v6,858,60873,1,1,1,success,5512,55.120000000000005,2,2,1,4.722767746592514,5512
garcia_bddg,6v6,859,60874,1,1,3,success,5813,58.13,1,1,3,4.893019722410739,5813
garcia_bddg,6v6,860,60875,0,0,,all_killed,3173,31.73,0,0,2,1269.1443556876332,3173
garcia_bddg,6v6,861,60876,1,1,3,success,6516,65.16,1,1,3,4.52940430037072,6516
garcia_bddg,6v6,862,60877,1,1,2,success,5726,57.26,2,2,2,4.847728186200396,5726
garcia_bddg,6v6,863,60878,0,0,,all_killed,3760,37.6,0,0,3,1094.1079465788239,3760
garcia_bddg,6v6,864,60879,0,0,,all_killed,2737,27.37,0,0,5,1523.2883402146047,2059
garcia_bddg,6v6,865,60880,1,1,3,success,5526,55.26,1,1,3,4.941034809811562,5526
garcia_bddg,6v6,866,60881,0,0,,all_killed,2105,21.05,0,0,1,1478.6232494411531,2001
garcia_bddg,6v6,867,60882,0,0,,all_killed,2170,21.7,0,0,2,1522.5669584459713,1932
garcia_bddg,6v6,868,60883,1,1,3,success,5248,52.480000000000004,2,2,3,4.76264500644581,5248
garcia_bddg,6v6,869,60884,0,0,,all_killed,2134,21.34,0,0,0,1450.3432009349888,1765
garcia_bddg,6v6,870,60885,1,1,3,success,6205,62.050000000000004,1,1,3,4.793323271830727,6205
garcia_bddg,6v6,871,60886,1,1,3,success,5821,58.21,1,1,3,4.644303484743606,5821
garcia_bddg,6v6,872,60887,1,1,2,success,5503,55.03,1,1,2,4.662642904633459,5503
garcia_bddg,6v6,873,60888,0,0,,all_killed,4833,48.33,0,0,3,320.64444899658804,4833
garcia_bddg,6v6,874,60889,1,1,0,success,5621,56.21,1,1,0,4.933948328526872,5621
garcia_bddg,6v6,875,60890,0,0,,all_killed,5153,51.53,0,0,3,288.51111747154596,5153
garcia_bddg,6v6,876,60891,1,1,3,success,5661,56.61,1,1,3,4.980341322822519,5661
garcia_bddg,6v6,877,60892,0,0,,all_killed,5276,52.76,0,0,4,195.04825575047633,5276
garcia_bddg,6v6,878,60893,0,0,,all_killed,2485,24.85,0,0,4,1389.2296946325364,2485
garcia_bddg,6v6,879,60894,0,0,,all_killed,5381,53.81,0,0,3,189.81074419219436,5381
garcia_bddg,6v6,880,60895,1,1,4,success,5364,53.64,2,2,4,4.924017890481372,5364
garcia_bddg,6v6,881,60896,0,0,,all_killed,2282,22.82,0,0,5,1506.4448052088858,1589
garcia_bddg,6v6,882,60897,0,0,,all_killed,2128,21.28,0,0,4,1529.8272526961455,2006
garcia_bddg,6v6,883,60898,1,1,4,success,5541,55.410000000000004,1,1,4,4.754129449026115,5541
garcia_bddg,6v6,884,60899,1,1,3,success,6099,60.99,1,1,3,4.995566935488133,6099
garcia_bddg,6v6,885,60900,1,1,5,success,5200,52.0,3,3,5,4.5316688391744755,5200
garcia_bddg,6v6,886,60901,1,1,3,success,6255,62.550000000000004,1,1,3,4.975315476786105,6255
garcia_bddg,6v6,887,60902,1,1,2,success,5678,56.78,1,1,2,4.968230626666909,5678
garcia_bddg,6v6,888,60903,1,1,3,success,5878,58.78,1,1,3,4.583363294738168,5878
garcia_bddg,6v6,889,60904,1,1,3,success,6448,64.48,1,1,3,4.907339404807534,6448
garcia_bddg,6v6,890,60905,1,1,1,success,5393,53.93,2,2,1,4.836917447014665,5393
garcia_bddg,6v6,891,60906,1,1,4,success,6038,60.38,1,1,4,4.943145962029022,6038
garcia_bddg,6v6,892,60907,0,0,,all_killed,5362,53.620000000000005,0,0,3,216.53235450956277,5362
garcia_bddg,6v6,893,60908,0,0,,all_killed,5087,50.870000000000005,0,0,1,270.8935085026603,4549
garcia_bddg,6v6,894,60909,1,1,0,success,5181,51.81,1,1,0,4.951451063063102,5181
garcia_bddg,6v6,895,60910,1,1,4,success,6045,60.45,1,1,4,4.875527031058948,6045
garcia_bddg,6v6,896,60911,1,1,2,success,5760,57.6,2,2,2,4.729615798927259,5760
garcia_bddg,6v6,897,60912,0,0,,all_killed,5668,56.68,0,0,1,159.96459590666444,5296
garcia_bddg,6v6,898,60913,1,1,5,success,5354,53.54,2,2,5,4.510718088687018,5354
garcia_bddg,6v6,899,60914,1,1,4,success,5388,53.88,2,2,4,4.765337516680927,5388
garcia_bddg,6v6,900,60915,1,1,5,success,5399,53.99,1,1,5,4.8249132887347335,5399
garcia_bddg,6v6,901,60916,1,1,3,success,6084,60.84,1,1,3,4.616260427023728,6084
garcia_bddg,6v6,902,60917,1,1,4,success,5708,57.08,1,1,4,4.541385700778201,5708
garcia_bddg,6v6,903,60918,1,1,4,success,5309,53.09,1,1,4,4.6875670149269535,5309
garcia_bddg,6v6,904,60919,0,0,,all_killed,4693,46.93,0,0,3,353.0281818554227,4693
garcia_bddg,6v6,905,60920,1,1,2,success,5675,56.75,1,1,2,4.8780017321505005,5675
garcia_bddg,6v6,906,60921,1,1,3,success,5586,55.86,1,1,3,4.730448593128701,5586
garcia_bddg,6v6,907,60922,1,1,1,success,5561,55.61,2,2,1,4.83388339910334,5561
garcia_bddg,6v6,908,60923,1,1,1,success,5537,55.370000000000005,1,1,1,4.853265398973174,5537
garcia_bddg,6v6,909,60924,0,0,,all_killed,5611,56.11,0,0,4,67.50619248929007,5611
garcia_bddg,6v6,910,60925,1,1,0,success,5262,52.620000000000005,2,2,0,4.651498714235396,5262
garcia_bddg,6v6,911,60926,1,1,3,success,5612,56.120000000000005,1,1,3,4.8128556060653915,5612
garcia_bddg,6v6,912,60927,1,1,3,success,5856,58.56,1,1,3,4.884881980011493,5856
garcia_bddg,6v6,913,60928,1,1,5,success,5797,57.97,1,1,5,4.667383402995134,5797
garcia_bddg,6v6,914,60929,1,1,2,success,5608,56.08,1,1,2,4.560275638012424,5608
garcia_bddg,6v6,915,60930,0,0,,all_killed,5297,52.97,0,0,3,284.3795770187918,5297
garcia_bddg,6v6,916,60931,0,0,,all_killed,4607,46.07,0,0,4,448.3658571464114,4607
garcia_bddg,6v6,917,60932,0,0,,all_killed,6053,60.53,0,0,3,24.496540388812907,6053
garcia_bddg,6v6,918,60933,1,1,4,success,5882,58.82,1,1,4,4.883922073617487,5882
garcia_bddg,6v6,919,60934,1,1,5,success,5334,53.34,3,3,5,4.95652294828005,5334
garcia_bddg,6v6,920,60935,0,0,,all_killed,3660,36.6,0,0,3,1181.840327704741,3660
garcia_bddg,6v6,921,60936,1,1,3,success,6015,60.15,1,1,3,4.799852840986512,6015
garcia_bddg,6v6,922,60937,1,1,5,success,5606,56.06,2,2,5,4.575986578928623,5606
garcia_bddg,6v6,923,60938,1,1,1,success,5204,52.04,3,3,1,4.6128856642868925,5204
garcia_bddg,6v6,924,60939,1,1,5,success,5214,52.14,2,2,5,4.619151461961241,5214
garcia_bddg,6v6,925,60940,0,0,,all_killed,4986,49.86,0,0,4,219.38795119954997,4986
garcia_bddg,6v6,926,60941,0,0,,all_killed,5039,50.39,0,0,2,229.68061055617213,5039
garcia_bddg,6v6,927,60942,0,0,,all_killed,2136,21.36,0,0,2,1546.0050820885704,1882
garcia_bddg,6v6,928,60943,0,0,,all_killed,5101,51.01,0,0,0,331.1375160529723,4375
garcia_bddg,6v6,929,60944,1,1,3,success,6016,60.160000000000004,1,1,3,4.892715083573992,6016
garcia_bddg,6v6,930,60945,1,1,1,success,5449,54.49,2,2,1,4.6920426975929574,5449
garcia_bddg,6v6,931,60946,1,1,1,success,5253,52.53,1,1,1,4.6147656226090525,5253
garcia_bddg,6v6,932,60947,1,1,4,success,5839,58.39,1,1,4,4.7942025013613705,5839
garcia_bddg,6v6,933,60948,1,1,2,success,5271,52.71,3,3,2,4.586257481826224,5271
garcia_bddg,6v6,934,60949,1,1,4,success,5724,57.24,2,2,4,4.532421959090973,5724
garcia_bddg,6v6,935,60950,0,0,,all_killed,2083,20.830000000000002,0,0,2,1536.8489013584287,1970
garcia_bddg,6v6,936,60951,1,1,1,success,5205,52.050000000000004,2,2,1,4.580500982170505,5205
garcia_bddg,6v6,937,60952,1,1,3,success,5878,58.78,1,1,3,4.6326801691832555,5878
garcia_bddg,6v6,938,60953,1,1,0,success,5273,52.730000000000004,1,1,0,4.801252654849759,5273
garcia_bddg,6v6,939,60954,0,0,,all_killed,5727,57.27,0,0,2,36.09810491289347,5727
garcia_bddg,6v6,940,60955,0,0,,all_killed,5032,50.32,0,0,3,104.91309457486194,5032
garcia_bddg,6v6,941,60956,1,1,0,success,5196,51.96,2,2,0,4.976899938321607,5196
garcia_bddg,6v6,942,60957,1,1,5,success,4959,49.59,2,2,5,4.962296433904556,4959
garcia_bddg,6v6,943,60958,1,1,3,success,5763,57.63,1,1,3,4.7388135642778275,5763
garcia_bddg,6v6,944,60959,1,1,3,success,6067,60.67,1,1,3,4.743585048256797,6067
garcia_bddg,6v6,945,60960,0,0,,all_killed,4408,44.08,0,0,2,767.759187311123,4408
garcia_bddg,6v6,946,60961,1,1,4,success,5780,57.800000000000004,1,1,4,4.662224398861532,5780
garcia_bddg,6v6,947,60962,1,1,4,success,5760,57.6,2,2,4,4.627329626381116,5760
garcia_bddg,6v6,948,60963,0,0,,all_killed,5189,51.89,0,0,1,45.779150756775216,5189
garcia_bddg,6v6,949,60964,1,1,5,success,5330,53.300000000000004,3,3,5,4.891346567221904,5330
garcia_bddg,6v6,950,60965,1,1,3,success,5936,59.36,1,1,3,4.846903345885717,5936
garcia_bddg,6v6,951,60966,0,0,,all_killed,5638,56.38,0,0,3,76.375039687581,5638
garcia_bddg,6v6,952,60967,1,1,4,success,5410,54.1,3,3,4,4.978299972694594,5410
garcia_bddg,6v6,953,60968,1,1,3,success,5514,55.14,2,2,3,4.567764897704163,5514
garcia_bddg,6v6,954,60969,1,1,4,success,5964,59.64,1,1,4,4.83506500616407,5964
garcia_bddg,6v6,955,60970,1,1,2,success,5704,57.04,1,1,2,4.536825590481755,5704
garcia_bddg,6v6,956,60971,0,0,,all_killed,2158,21.580000000000002,0,0,0,1470.6679944462292,1900
garcia_bddg,6v6,957,60972,1,1,5,success,5267,52.67,2,2,5,4.685564673842567,5267
garcia_bddg,6v6,958,60973,0,0,,all_killed,5474,54.74,0,0,4,79.78519168539856,5474
garcia_bddg,6v6,959,60974,1,1,2,success,6216,62.160000000000004,1,1,2,4.851998610101907,6216
garcia_bddg,6v6,960,60975,1,1,1,success,5174,51.74,3,3,1,4.985228759346026,5174
garcia_bddg,6v6,961,60976,0,0,,all_killed,4885,48.85,0,0,4,411.3798424347267,4885
garcia_bddg,6v6,962,60977,0,0,,all_killed,2700,27.0,0,0,2,1404.0097878937172,2700
garcia_bddg,6v6,963,60978,1,1,3,success,5959,59.59,1,1,3,4.7843706182623755,5959
garcia_bddg,6v6,964,60979,0,0,,all_killed,2154,21.54,0,0,5,1468.2118411093475,1923
garcia_bddg,6v6,965,60980,0,0,,all_killed,3519,35.19,0,0,2,913.1913061391082,3519
garcia_bddg,6v6,966,60981,0,0,,all_killed,5296,52.96,0,0,2,155.51187346181905,5296
garcia_bddg,6v6,967,60982,0,0,,all_killed,3302,33.02,0,0,2,1213.4365536309813,3302
garcia_bddg,6v6,968,60983,1,1,5,success,5181,51.81,2,2,5,4.737255938051617,5181
garcia_bddg,6v6,969,60984,1,1,5,success,5563,55.63,2,2,5,4.695539737853067,5563
garcia_bddg,6v6,970,60985,1,1,5,success,5604,56.04,2,2,5,4.587088328367936,5604
garcia_bddg,6v6,971,60986,1,1,1,success,5484,54.84,1,1,1,4.857709036496259,5484
garcia_bddg,6v6,972,60987,1,1,4,success,5721,57.21,1,1,4,4.857574433272077,5721
garcia_bddg,6v6,973,60988,0,0,,all_killed,5951,59.51,0,0,4,131.00989058027858,5951
garcia_bddg,6v6,974,60989,1,1,2,success,5507,55.07,1,1,2,4.672727490364497,5507
garcia_bddg,6v6,975,60990,0,0,,all_killed,3490,34.9,0,0,3,1199.883490357045,3490
garcia_bddg,6v6,976,60991,1,1,2,success,5188,51.88,3,3,2,4.941837834902815,5188
garcia_bddg,6v6,977,60992,1,1,3,success,5317,53.17,1,1,3,4.548147278940544,5317
garcia_bddg,6v6,978,60993,1,1,5,success,5534,55.34,2,2,5,4.573489347838442,5534
garcia_bddg,6v6,979,60994,1,1,4,success,5884,58.84,2,2,4,4.5164061884580375,5884
garcia_bddg,6v6,980,60995,0,0,,all_killed,2075,20.75,0,0,0,1609.5106918978256,1721
garcia_bddg,6v6,981,60996,1,1,3,success,6295,62.95,1,1,3,4.952352045340677,6295
garcia_bddg,6v6,982,60997,1,1,5,success,5544,55.44,1,1,5,4.682985150377665,5544
garcia_bddg,6v6,983,60998,0,0,,all_killed,5764,57.64,0,0,3,131.00095783904365,5764
garcia_bddg,6v6,984,60999,0,0,,all_killed,4482,44.82,0,0,1,461.99017119305034,4482
garcia_bddg,6v6,985,61000,1,1,4,success,5839,58.39,2,2,4,4.933149332372225,5839
garcia_bddg,6v6,986,61001,1,1,5,success,5546,55.46,2,2,5,4.538661408152611,5546
garcia_bddg,6v6,987,61002,1,1,3,success,5851,58.51,1,1,3,4.7890005326720795,5851
garcia_bddg,6v6,988,61003,1,1,0,success,5187,51.870000000000005,1,1,0,4.586447674270676,5187
garcia_bddg,6v6,989,61004,1,1,0,success,5202,52.02,2,2,0,4.939540860627384,5202
garcia_bddg,6v6,990,61005,1,1,3,success,5748,57.480000000000004,3,3,3,4.912752020957293,5748
garcia_bddg,6v6,991,61006,1,1,2,success,5373,53.730000000000004,1,1,2,4.500792916317746,5373
garcia_bddg,6v6,992,61007,0,0,,all_killed,5590,55.9,0,0,3,202.34047468727627,5590
garcia_bddg,6v6,993,61008,0,0,,all_killed,4986,49.86,0,0,3,675.0190345650512,4986
garcia_bddg,6v6,994,61009,1,1,3,success,5807,58.07,2,2,3,4.891104562497976,5807
garcia_bddg,6v6,995,61010,0,0,,all_killed,2217,22.17,0,0,0,1450.268102969099,2025
garcia_bddg,6v6,996,61011,1,1,2,success,6073,60.730000000000004,1,1,2,4.931505556849634,6073
garcia_bddg,6v6,997,61012,1,1,3,success,5940,59.4,1,1,3,4.861962213729328,5940
garcia_bddg,6v6,998,61013,1,1,4,success,5878,58.78,1,1,4,4.706877487606379,5878
garcia_bddg,6v6,999,61014,1,1,5,success,5544,55.44,2,2,5,4.8221775057217435,5544
