run,metric,step,env_steps_m,value
run1,average_step_rewards,320000,0.32,0.9860258772969246
run1,average_step_rewards,640000,0.64,1.6762645542621613
run1,average_step_rewards,960000,0.96,1.2690713107585907
run1,average_step_rewards,1280000,1.28,1.2898326814174652
run1,average_step_rewards,1600000,1.6,1.4900202751159668
run1,average_step_rewards,1920000,1.92,1.5645142942667007
run1,average_step_rewards,2240000,2.24,1.6085366755723953
run1,average_step_rewards,2560000,2.56,1.402330368757248
run1,average_step_rewards,2880000,2.88,1.81301611661911
run1,average_step_rewards,3200000,3.2,1.4580235928297043
run1,average_step_rewards,3520000,3.52,1.3275257796049118
run1,average_step_rewards,3840000,3.84,1.4193168729543686
run1,average_step_rewards,4160000,4.16,1.6122140288352966
run1,average_step_rewards,4480000,4.48,1.6155523657798767
run1,average_step_rewards,4800000,4.8,1.1459320038557053
run1,average_step_rewards,5120000,5.12,1.6214390844106674
run1,average_step_rewards,5440000,5.44,1.1007719039916992
run1,average_step_rewards,5760000,5.76,1.5468635112047195
run1,average_step_rewards,6080000,6.08,1.197140872478485
run1,average_step_rewards,6400000,6.4,1.1827791780233383
run1,average_step_rewards,6720000,6.72,1.3560829758644104
run1,average_step_rewards,7040000,7.04,0.9977312833070755
run1,average_step_rewards,7360000,7.36,1.2871506959199905
run1,average_step_rewards,7680000,7.68,1.0878154933452606
run1,average_step_rewards,8000000,8.0,1.252770870923996
run1,average_step_rewards,8320000,8.32,1.1988906115293503
run1,average_step_rewards,8640000,8.64,1.0873882174491882
run1,average_step_rewards,8960000,8.96,0.9974478855729103
run1,average_step_rewards,9280000,9.28,1.156586192548275
run1,average_step_rewards,9600000,9.6,1.0243303179740906
run1,average_step_rewards,9920000,9.92,0.8997857421636581
run1,average_step_rewards,10240000,10.24,0.8776947632431984
run1,average_step_rewards,10560000,10.56,0.7961115837097168
run1,average_step_rewards,10880000,10.88,0.7750409916043282
run1,average_step_rewards,11200000,11.2,1.0892613604664803
run1,average_step_rewards,11520000,11.52,0.7682748138904572
run1,average_step_rewards,11840000,11.84,0.8029305823147297
run1,average_step_rewards,12160000,12.16,0.727292750030756
run1,average_step_rewards,12480000,12.48,0.7960746958851814
run1,average_step_rewards,12800000,12.8,0.9000123888254166
run1,average_step_rewards,13120000,13.12,0.6085921805351973
run1,average_step_rewards,13440000,13.44,0.5487800315022469
run1,average_step_rewards,13760000,13.76,0.6977584399282932
run1,average_step_rewards,14080000,14.08,0.7574774585664272
run1,average_step_rewards,14400000,14.4,0.624825855717063
run1,average_step_rewards,14720000,14.72,0.6806218698620796
run1,average_step_rewards,15040000,15.04,0.8832622058689594
run1,average_step_rewards,15360000,15.36,0.6707577724009752
run1,average_step_rewards,15680000,15.68,0.5847672866657376
run1,average_step_rewards,16000000,16.0,0.5077101239003241
run1,average_step_rewards,16320000,16.32,0.5965436846017838
run1,average_step_rewards,16640000,16.64,0.5499179545149673
run1,average_step_rewards,16960000,16.96,0.6216209586709738
run1,average_step_rewards,17280000,17.28,0.6509341958444566
run1,average_step_rewards,17600000,17.6,0.6660337597131729
run1,average_step_rewards,17920000,17.92,0.6946459114551544
run1,average_step_rewards,18240000,18.24,0.5176007044501603
run1,average_step_rewards,18560000,18.56,0.801230501383543
run1,average_step_rewards,18880000,18.88,0.6880698259919882
run1,average_step_rewards,19200000,19.2,0.568578829523176
run1,average_step_rewards,19520000,19.52,0.6592055261135101
run1,average_step_rewards,19840000,19.84,0.7030776757746935
run1,average_step_rewards,20160000,20.16,0.7037316095083952
run1,average_step_rewards,20480000,20.48,0.5831250874325633
run1,average_step_rewards,20800000,20.8,0.5473219635896385
run1,average_step_rewards,21120000,21.12,0.5278307052794844
run1,average_step_rewards,21440000,21.44,0.5673780518118292
run1,average_step_rewards,21760000,21.76,0.5799105362966657
run1,average_step_rewards,22080000,22.08,0.5325874637346715
run1,average_step_rewards,22400000,22.4,0.6195778446272016
run1,average_step_rewards,22720000,22.72,0.617849288508296
run1,average_step_rewards,23040000,23.04,0.5861609680578113
run1,average_step_rewards,23360000,23.36,0.6527154917130247
run1,average_step_rewards,23680000,23.68,0.6927027157507837
run1,average_step_rewards,24000000,24.0,0.6309354407712817
run1,average_step_rewards,24320000,24.32,0.6373143699020147
run1,average_step_rewards,24640000,24.64,0.697981471195817
run1,average_step_rewards,24960000,24.96,0.7483340296894312
run1,average_step_rewards,25280000,25.28,0.6981808077543974
run1,average_step_rewards,25600000,25.6,0.5570448902435601
run1,average_step_rewards,25920000,25.92,0.5724929675925523
run1,average_step_rewards,26240000,26.24,0.5602710042148829
run1,average_step_rewards,26560000,26.56,0.538664469961077
run1,average_step_rewards,26880000,26.88,0.6803772104904056
run1,average_step_rewards,27200000,27.2,0.626285984646529
run1,average_step_rewards,27520000,27.52,0.5717120266053826
run1,average_step_rewards,27840000,27.84,0.6006275692488998
run1,average_step_rewards,28160000,28.16,0.738374125212431
run1,average_step_rewards,28480000,28.48,0.7149428483098745
run1,average_step_rewards,28800000,28.8,0.637336099985987
run1,average_step_rewards,29120000,29.12,0.7838654518127441
run1,average_step_rewards,29440000,29.44,0.6941893100738525
run1,average_step_rewards,29760000,29.76,0.5580329652875662
run1,average_step_rewards,30080000,30.08,0.6861636303365231
run1,average_step_rewards,30400000,30.4,0.6381328729912639
run1,average_step_rewards,30720000,30.72,0.5978594906628132
run1,average_step_rewards,31040000,31.04,0.6664022337645292
run1,average_step_rewards,31360000,31.36,0.6914862785488367
run1,average_step_rewards,31680000,31.68,0.7078951504081488
run1,average_step_rewards,32000000,32.0,0.5824649883434176
run1,average_step_rewards,32320000,32.32,0.584602020913735
run1,average_step_rewards,32640000,32.64,0.6663427203893661
run1,average_step_rewards,32960000,32.96,0.8808193877339363
run1,average_step_rewards,33280000,33.28,0.608240932226181
run1,average_step_rewards,33600000,33.6,0.639677912928164
run1,average_step_rewards,33920000,33.92,0.7466867864131927
run1,average_step_rewards,34240000,34.24,0.6630690190941095
run1,average_step_rewards,34560000,34.56,0.8011329546570778
run1,average_step_rewards,34880000,34.88,0.5924666114151478
run1,average_step_rewards,35200000,35.2,0.5441855629906058
run1,average_step_rewards,35520000,35.52,0.7418976910412312
run1,average_step_rewards,35840000,35.84,0.5485668625915423
run1,average_step_rewards,36160000,36.16,0.7493167035281658
run1,average_step_rewards,36480000,36.48,0.5937596280127764
run1,average_step_rewards,36800000,36.8,0.7717003338038921
run1,average_step_rewards,37120000,37.12,0.5176013740710914
run1,average_step_rewards,37440000,37.44,0.7096954546868801
run1,average_step_rewards,37760000,37.76,0.7963638566434383
run1,average_step_rewards,38080000,38.08,0.8564428314566612
run1,average_step_rewards,38400000,38.4,0.8146829046308994
run1,average_step_rewards,38720000,38.72,0.8109157234430313
run1,average_step_rewards,39040000,39.04,0.7203143537044525
run1,average_step_rewards,39360000,39.36,0.4939812761731446
run1,average_step_rewards,39680000,39.68,0.7465346343815327
run1,average_step_rewards,40000000,40.0,0.7628791257739067
run1,average_step_rewards,40320000,40.32,1.0029766485095024
run1,average_step_rewards,40640000,40.64,0.8227020278573036
run1,average_step_rewards,40960000,40.96,0.7597433552145958
run1,average_step_rewards,41280000,41.28,0.695988018065691
run1,average_step_rewards,41600000,41.6,0.8674970269203186
run1,average_step_rewards,41920000,41.92,0.7712446115911007
run1,average_step_rewards,42240000,42.24,0.9811716377735138
run1,average_step_rewards,42560000,42.56,0.9210186824202538
run1,average_step_rewards,42880000,42.88,1.1220317333936691
run1,average_step_rewards,43200000,43.2,0.4970950521528721
run1,average_step_rewards,43520000,43.52,0.7103721089661121
run1,average_step_rewards,43840000,43.84,1.0859546586871147
run1,average_step_rewards,44160000,44.16,0.9241985753178596
run1,average_step_rewards,44480000,44.48,0.853790745139122
run1,average_step_rewards,44800000,44.8,0.9957094416022301
run1,policy_loss,320000,0.32,-1.0953910532407463e-05
run1,policy_loss,640000,0.64,-2.862932888092473e-06
run1,policy_loss,960000,0.96,-4.200930561637506e-06
run1,policy_loss,1280000,1.28,-6.410671630874276e-06
run1,policy_loss,1600000,1.6,-1.0450949048390612e-05
run1,policy_loss,1920000,1.92,-1.531684483779827e-05
run1,policy_loss,2240000,2.24,-4.245535819791257e-06
run1,policy_loss,2560000,2.56,-1.6478239558637142e-05
run1,policy_loss,2880000,2.88,-5.836518539581448e-06
run1,policy_loss,3200000,3.2,-1.6372550817322917e-05
run1,policy_loss,3520000,3.52,-1.2749643246934284e-05
run1,policy_loss,3840000,3.84,-1.5647790860384703e-05
run1,policy_loss,4160000,4.16,-1.2022812370560132e-05
run1,policy_loss,4480000,4.48,-8.601906301919371e-06
run1,policy_loss,4800000,4.8,-4.8288056859746575e-06
run1,policy_loss,5120000,5.12,-5.811580194858834e-06
run1,policy_loss,5440000,5.44,-1.490449722041376e-05
run1,policy_loss,5760000,5.76,-1.2212280125822872e-05
run1,policy_loss,6080000,6.08,-1.4963759895181283e-05
run1,policy_loss,6400000,6.4,-1.0979802482324885e-05
run1,policy_loss,6720000,6.72,-1.2716216588160023e-05
run1,policy_loss,7040000,7.04,-1.305031037190929e-05
run1,policy_loss,7360000,7.36,-1.799985966499662e-05
run1,policy_loss,7680000,7.68,-5.08045923197642e-06
run1,policy_loss,8000000,8.0,-8.598552085459232e-06
run1,policy_loss,8320000,8.32,-1.9321284526085947e-05
run1,policy_loss,8640000,8.64,-2.0265302737243474e-05
run1,policy_loss,8960000,8.96,-1.4132404430711176e-05
run1,policy_loss,9280000,9.28,-1.6469072647851135e-06
run1,policy_loss,9600000,9.6,-1.0727264452725649e-05
run1,policy_loss,9920000,9.92,-7.5469069997780025e-06
run1,policy_loss,10240000,10.24,-1.1281459592282772e-05
run1,policy_loss,10560000,10.56,-1.6933699953369796e-05
run1,policy_loss,10880000,10.88,-1.5307063222280703e-05
run1,policy_loss,11200000,11.2,-9.800560292205773e-06
run1,policy_loss,11520000,11.52,-1.1755793821066618e-05
run1,policy_loss,11840000,11.84,-1.4682416349387495e-05
run1,policy_loss,12160000,12.16,-1.2983535270905122e-05
run1,policy_loss,12480000,12.48,-9.277449862565845e-06
run1,policy_loss,12800000,12.8,-1.4727411326020956e-05
run1,policy_loss,13120000,13.12,-2.1181425836402923e-05
run1,policy_loss,13440000,13.44,-2.9184710001572967e-05
run1,policy_loss,13760000,13.76,-2.024251443799585e-05
run1,policy_loss,14080000,14.08,-1.8320366507396102e-05
run1,policy_loss,14400000,14.4,-2.0425068214535713e-05
run1,policy_loss,14720000,14.72,-2.2285792510956526e-05
run1,policy_loss,15040000,15.04,-1.391505793435499e-05
run1,policy_loss,15360000,15.36,-2.1879592168261297e-05
run1,policy_loss,15680000,15.68,-1.4693039702251554e-05
run1,policy_loss,16000000,16.0,-0.00014811992878094316
run1,policy_loss,16320000,16.32,-3.154161458951421e-05
run1,policy_loss,16640000,16.64,-0.00016741537911002524
run1,policy_loss,16960000,16.96,-3.960293543059379e-05
run1,policy_loss,17280000,17.28,-4.250053461873904e-05
run1,policy_loss,17600000,17.6,-1.928584333654726e-05
run1,policy_loss,17920000,17.92,-1.2415599485393614e-05
run1,policy_loss,18240000,18.24,-0.0001221897327923216
run1,policy_loss,18560000,18.56,-1.621825504116714e-05
run1,policy_loss,18880000,18.88,-1.1044987331843004e-05
run1,policy_loss,19200000,19.2,-1.996237551793456e-05
run1,policy_loss,19520000,19.52,-1.535157934995368e-05
run1,policy_loss,19840000,19.84,-2.3290951503440738e-05
run1,policy_loss,20160000,20.16,-1.3848621165379882e-05
run1,policy_loss,20480000,20.48,-1.6084438357211184e-05
run1,policy_loss,20800000,20.8,-1.982627873076126e-05
run1,policy_loss,21120000,21.12,-0.00012765091378241777
run1,policy_loss,21440000,21.44,-2.4697394110262394e-05
run1,policy_loss,21760000,21.76,-2.122135992976837e-05
run1,policy_loss,22080000,22.08,-0.00010769380605779588
run1,policy_loss,22400000,22.4,-1.0562711395323277e-05
run1,policy_loss,22720000,22.72,-1.1042078767786734e-05
run1,policy_loss,23040000,23.04,-1.4591336366720498e-05
run1,policy_loss,23360000,23.36,-1.4427670976147056e-05
run1,policy_loss,23680000,23.68,-2.1752755856141448e-05
run1,policy_loss,24000000,24.0,-1.269684435101226e-05
run1,policy_loss,24320000,24.32,-1.5282639651559293e-05
run1,policy_loss,24640000,24.64,-1.5591722331009805e-05
run1,policy_loss,24960000,24.96,-1.1286052540526725e-05
run1,policy_loss,25280000,25.28,1.6068224795162678e-06
run1,policy_loss,25600000,25.6,-6.448902422562242e-05
run1,policy_loss,25920000,25.92,-0.00010865472722798586
run1,policy_loss,26240000,26.24,-0.00014365535753313452
run1,policy_loss,26560000,26.56,-0.0001420492299075704
run1,policy_loss,26880000,26.88,-1.5024517779238522e-05
run1,policy_loss,27200000,27.2,-0.00011535239173099399
run1,policy_loss,27520000,27.52,-3.0432536732405424e-05
run1,policy_loss,27840000,27.84,-1.5501860616495833e-05
run1,policy_loss,28160000,28.16,-1.107311254600063e-05
run1,policy_loss,28480000,28.48,-8.611747034592554e-06
run1,policy_loss,28800000,28.8,-1.2060474546160549e-05
run1,policy_loss,29120000,29.12,-3.464680048637092e-06
run1,policy_loss,29440000,29.44,-9.648916602600366e-06
run1,policy_loss,29760000,29.76,-6.534365093102679e-05
run1,policy_loss,30080000,30.08,-3.0943701858632267e-06
run1,policy_loss,30400000,30.4,-1.226419408340007e-05
run1,policy_loss,30720000,30.72,-3.795776137849316e-06
run1,policy_loss,31040000,31.04,-8.233382686739787e-07
run1,policy_loss,31360000,31.36,-1.0612681762722787e-05
run1,policy_loss,31680000,31.68,-9.164516086457297e-06
run1,policy_loss,32000000,32.0,-9.193841833621264e-06
run1,policy_loss,32320000,32.32,-1.0467258107382804e-05
run1,policy_loss,32640000,32.64,-8.179333690350177e-06
run1,policy_loss,32960000,32.96,-2.7198624366064905e-06
run1,policy_loss,33280000,33.28,-3.642227966338396e-06
run1,policy_loss,33600000,33.6,-8.691436960361898e-06
run1,policy_loss,33920000,33.92,-1.2726231943815947e-06
run1,policy_loss,34240000,34.24,-8.252362022176385e-06
run1,policy_loss,34560000,34.56,-1.4122088032308966e-05
run1,policy_loss,34880000,34.88,-9.44381463341415e-06
run1,policy_loss,35200000,35.2,-1.9874758436344564e-05
run1,policy_loss,35520000,35.52,-3.6253914004191756e-06
run1,policy_loss,35840000,35.84,-1.5128825907595456e-05
run1,policy_loss,36160000,36.16,-2.95868085231632e-06
run1,policy_loss,36480000,36.48,-6.82403060636716e-06
run1,policy_loss,36800000,36.8,-1.8087110220221803e-05
run1,policy_loss,37120000,37.12,-1.109895674744621e-05
run1,policy_loss,37440000,37.44,-4.037312464788556e-06
run1,policy_loss,37760000,37.76,-9.119361493503675e-06
run1,policy_loss,38080000,38.08,2.873315679607913e-06
run1,policy_loss,38400000,38.4,-1.6156218407559209e-06
run1,policy_loss,38720000,38.72,-3.6708952393382788e-06
run1,policy_loss,39040000,39.04,-1.470769348088652e-06
run1,policy_loss,39360000,39.36,-8.919614174374146e-06
run1,policy_loss,39680000,39.68,-7.967686997290002e-06
run1,policy_loss,40000000,40.0,-3.338393526064465e-07
run1,policy_loss,40320000,40.32,-1.3764307368546724e-05
run1,policy_loss,40640000,40.64,-6.4891264628386125e-06
run1,policy_loss,40960000,40.96,-8.36033359519206e-06
run1,policy_loss,41280000,41.28,-9.692684216133785e-06
run1,policy_loss,41600000,41.6,-9.03509499039501e-06
run1,policy_loss,41920000,41.92,-5.628808139590546e-07
run1,policy_loss,42240000,42.24,-9.116148703469662e-06
run1,policy_loss,42560000,42.56,-2.15550244320184e-07
run1,policy_loss,42880000,42.88,-4.3310005821695086e-06
run1,policy_loss,43200000,43.2,-2.1819832909386605e-06
run1,policy_loss,43520000,43.52,-6.238575224415399e-06
run1,policy_loss,43840000,43.84,7.882008503656834e-07
run1,policy_loss,44160000,44.16,-1.677835825830698e-06
run1,policy_loss,44480000,44.48,-5.611520464299247e-06
run1,policy_loss,44800000,44.8,-7.906015980552183e-06
run1,value_loss,320000,0.32,0.4964403361082077
run1,value_loss,640000,0.64,0.44106872379779816
run1,value_loss,960000,0.96,0.23150121793150902
run1,value_loss,1280000,1.28,0.26468202471733093
run1,value_loss,1600000,1.6,0.31044868007302284
run1,value_loss,1920000,1.92,0.2969899922609329
run1,value_loss,2240000,2.24,0.3086896799504757
run1,value_loss,2560000,2.56,0.24500033631920815
run1,value_loss,2880000,2.88,0.3336568996310234
run1,value_loss,3200000,3.2,0.24415720626711845
run1,value_loss,3520000,3.52,0.21149496361613274
run1,value_loss,3840000,3.84,0.23165018111467361
run1,value_loss,4160000,4.16,0.2906162366271019
run1,value_loss,4480000,4.48,0.26385490223765373
run1,value_loss,4800000,4.8,0.1525861732661724
run1,value_loss,5120000,5.12,0.2709656357765198
run1,value_loss,5440000,5.44,0.14406593702733517
run1,value_loss,5760000,5.76,0.2514069899916649
run1,value_loss,6080000,6.08,0.1634931117296219
run1,value_loss,6400000,6.4,0.17296864092350006
run1,value_loss,6720000,6.72,0.21220744960010052
run1,value_loss,7040000,7.04,0.12376601621508598
run1,value_loss,7360000,7.36,0.19318376295268536
run1,value_loss,7680000,7.68,0.1437056716531515
run1,value_loss,8000000,8.0,0.19552271254360676
run1,value_loss,8320000,8.32,0.16443691961467266
run1,value_loss,8640000,8.64,0.14482529647648335
run1,value_loss,8960000,8.96,0.13473473023623228
run1,value_loss,9280000,9.28,0.16587598994374275
run1,value_loss,9600000,9.6,0.13641254790127277
run1,value_loss,9920000,9.92,0.11629229038953781
run1,value_loss,10240000,10.24,0.10724853910505772
run1,value_loss,10560000,10.56,0.0780346617102623
run1,value_loss,10880000,10.88,0.07842341531068087
run1,value_loss,11200000,11.2,0.15411108918488026
run1,value_loss,11520000,11.52,0.07830363046377897
run1,value_loss,11840000,11.84,0.08025109395384789
run1,value_loss,12160000,12.16,0.05860308138653636
run1,value_loss,12480000,12.48,0.08205786347389221
run1,value_loss,12800000,12.8,0.10375658795237541
run1,value_loss,13120000,13.12,0.027183169033378363
run1,value_loss,13440000,13.44,0.026914881076663733
run1,value_loss,13760000,13.76,0.05107654631137848
run1,value_loss,14080000,14.08,0.07378630246967077
run1,value_loss,14400000,14.4,0.02844705944880843
run1,value_loss,14720000,14.72,0.05201877886429429
run1,value_loss,15040000,15.04,0.07753252610564232
run1,value_loss,15360000,15.36,0.04091359116137028
run1,value_loss,15680000,15.68,0.01603343477472663
run1,value_loss,16000000,16.0,0.0033544331381563097
run1,value_loss,16320000,16.32,0.028540272265672684
run1,value_loss,16640000,16.64,0.003159728046739474
run1,value_loss,16960000,16.96,0.029429007787257433
run1,value_loss,17280000,17.28,0.016301182564347982
run1,value_loss,17600000,17.6,0.056663538329303265
run1,value_loss,17920000,17.92,0.04454572265967727
run1,value_loss,18240000,18.24,0.0024897151452023536
run1,value_loss,18560000,18.56,0.04590239794924855
run1,value_loss,18880000,18.88,0.04481259686872363
run1,value_loss,19200000,19.2,0.017137855757027864
run1,value_loss,19520000,19.52,0.0309187532402575
run1,value_loss,19840000,19.84,0.017587838461622596
run1,value_loss,20160000,20.16,0.047558470629155636
run1,value_loss,20480000,20.48,0.017553386744111776
run1,value_loss,20800000,20.8,0.01749775931239128
run1,value_loss,21120000,21.12,0.002416175469988957
run1,value_loss,21440000,21.44,0.017915105680003762
run1,value_loss,21760000,21.76,0.017826281720772386
run1,value_loss,22080000,22.08,0.002452528598951176
run1,value_loss,22400000,22.4,0.034061264246702194
run1,value_loss,22720000,22.72,0.03416309109888971
run1,value_loss,23040000,23.04,0.034783861599862576
run1,value_loss,23360000,23.36,0.018963928101584315
run1,value_loss,23680000,23.68,0.019129419466480613
run1,value_loss,24000000,24.0,0.01873442530632019
run1,value_loss,24320000,24.32,0.03536627860739827
run1,value_loss,24640000,24.64,0.05191380623728037
run1,value_loss,24960000,24.96,0.052411709912121296
run1,value_loss,25280000,25.28,0.06891676969826221
run1,value_loss,25600000,25.6,0.0025347084301756695
run1,value_loss,25920000,25.92,0.0027250207494944334
run1,value_loss,26240000,26.24,0.002562669396866113
run1,value_loss,26560000,26.56,0.0023919265368022025
run1,value_loss,26880000,26.88,0.037600887939333916
run1,value_loss,27200000,27.2,0.002656801530974917
run1,value_loss,27520000,27.52,0.020221523474901915
run1,value_loss,27840000,27.84,0.020202187122777104
run1,value_loss,28160000,28.16,0.05657228175550699
run1,value_loss,28480000,28.48,0.056365472730249166
run1,value_loss,28800000,28.8,0.020651710219681263
run1,value_loss,29120000,29.12,0.09270510170608759
run1,value_loss,29440000,29.44,0.05686219688504934
run1,value_loss,29760000,29.76,0.002912994154030457
run1,value_loss,30080000,30.08,0.0730882603675127
run1,value_loss,30400000,30.4,0.03877877024933696
run1,value_loss,30720000,30.72,0.03899472067132592
run1,value_loss,31040000,31.04,0.057628304697573185
run1,value_loss,31360000,31.36,0.07561332732439041
run1,value_loss,31680000,31.68,0.07577708642929792
run1,value_loss,32000000,32.0,0.0388243468478322
run1,value_loss,32320000,32.32,0.0209944408852607
run1,value_loss,32640000,32.64,0.05802794732153416
run1,value_loss,32960000,32.96,0.15085500851273537
run1,value_loss,33280000,33.28,0.03938007494434714
run1,value_loss,33600000,33.6,0.039586491882801056
run1,value_loss,33920000,33.92,0.09574605617672205
run1,value_loss,34240000,34.24,0.058466415386646986
run1,value_loss,34560000,34.56,0.1328509133309126
run1,value_loss,34880000,34.88,0.03975903894752264
run1,value_loss,35200000,35.2,0.03976904461160302
run1,value_loss,35520000,35.52,0.11508584208786488
run1,value_loss,35840000,35.84,0.020969262113794684
run1,value_loss,36160000,36.16,0.1349211884662509
run1,value_loss,36480000,36.48,0.058928817976266146
run1,value_loss,36800000,36.8,0.1345914788544178
run1,value_loss,37120000,37.12,0.03981120930984616
run1,value_loss,37440000,37.44,0.11627726163715124
run1,value_loss,37760000,37.76,0.1728622205555439
run1,value_loss,38080000,38.08,0.19036404974758625
run1,value_loss,38400000,38.4,0.17127905413508415
run1,value_loss,38720000,38.72,0.17134905979037285
run1,value_loss,39040000,39.04,0.11477509513497353
run1,value_loss,39360000,39.36,0.039637657813727856
run1,value_loss,39680000,39.68,0.15272543393075466
run1,value_loss,40000000,40.0,0.15201798733323812
run1,value_loss,40320000,40.32,0.2634492348879576
run1,value_loss,40640000,40.64,0.1887808619067073
run1,value_loss,40960000,40.96,0.16899162717163563
run1,value_loss,41280000,41.28,0.15099824033677578
run1,value_loss,41600000,41.6,0.20525023061782122
run1,value_loss,41920000,41.92,0.16694849077612162
run1,value_loss,42240000,42.24,0.24123688600957394
run1,value_loss,42560000,42.56,0.22087646462023258
run1,value_loss,42880000,42.88,0.3295118622481823
run1,value_loss,43200000,43.2,0.07453497871756554
run1,value_loss,43520000,43.52,0.16542531922459602
run1,value_loss,43840000,43.84,0.2910889182239771
run1,value_loss,44160000,44.16,0.24894253723323345
run1,value_loss,44480000,44.48,0.2150828866288066
run1,value_loss,44800000,44.8,0.2663348652422428
run1,dist_entropy,320000,0.32,-1.5077358186244965
run1,dist_entropy,640000,0.64,-1.507735937833786
run1,dist_entropy,960000,0.96,-1.5077351033687592
run1,dist_entropy,1280000,1.28,-1.5077340006828308
run1,dist_entropy,1600000,1.6,-1.507733017206192
run1,dist_entropy,1920000,1.92,-1.5077322125434875
run1,dist_entropy,2240000,2.24,-1.5077312290668488
run1,dist_entropy,2560000,2.56,-1.5077300369739532
run1,dist_entropy,2880000,2.88,-1.5077287256717682
run1,dist_entropy,3200000,3.2,-1.507727950811386
run1,dist_entropy,3520000,3.52,-1.5077270567417145
run1,dist_entropy,3840000,3.84,-1.507725715637207
run1,dist_entropy,4160000,4.16,-1.5077244341373444
run1,dist_entropy,4480000,4.48,-1.507723331451416
run1,dist_entropy,4800000,4.8,-1.5077220797538757
run1,dist_entropy,5120000,5.12,-1.507721185684204
run1,dist_entropy,5440000,5.44,-1.5077199339866638
run1,dist_entropy,5760000,5.76,-1.507718712091446
run1,dist_entropy,6080000,6.08,-1.5077173709869385
run1,dist_entropy,6400000,6.4,-1.507716566324234
run1,dist_entropy,6720000,6.72,-1.507716178894043
run1,dist_entropy,7040000,7.04,-1.5077150762081146
run1,dist_entropy,7360000,7.36,-1.5077142417430878
run1,dist_entropy,7680000,7.68,-1.5077135264873505
run1,dist_entropy,8000000,8.0,-1.507712572813034
run1,dist_entropy,8320000,8.32,-1.5077114701271057
run1,dist_entropy,8640000,8.64,-1.5077103674411774
run1,dist_entropy,8960000,8.96,-1.5077096223831177
run1,dist_entropy,9280000,9.28,-1.507708579301834
run1,dist_entropy,9600000,9.6,-1.5077073872089386
run1,dist_entropy,9920000,9.92,-1.5077060461044312
run1,dist_entropy,10240000,10.24,-1.5077046155929565
run1,dist_entropy,10560000,10.56,-1.5077032446861267
run1,dist_entropy,10880000,10.88,-1.5077017843723297
run1,dist_entropy,11200000,11.2,-1.5077002942562103
run1,dist_entropy,11520000,11.52,-1.5076987743377686
run1,dist_entropy,11840000,11.84,-1.5076974034309387
run1,dist_entropy,12160000,12.16,-1.5076958239078522
run1,dist_entropy,12480000,12.48,-1.5076943933963776
run1,dist_entropy,12800000,12.8,-1.5076931416988373
run1,dist_entropy,13120000,13.12,-1.5076918303966522
run1,dist_entropy,13440000,13.44,-1.5076902210712433
run1,dist_entropy,13760000,13.76,-1.5076886117458344
run1,dist_entropy,14080000,14.08,-1.5076871514320374
run1,dist_entropy,14400000,14.4,-1.5076864063739777
run1,dist_entropy,14720000,14.72,-1.5076857209205627
run1,dist_entropy,15040000,15.04,-1.5076850056648254
run1,dist_entropy,15360000,15.36,-1.5076839327812195
run1,dist_entropy,15680000,15.68,-1.5076825022697449
run1,dist_entropy,16000000,16.0,-1.5076810717582703
run1,dist_entropy,16320000,16.32,-1.507679671049118
run1,dist_entropy,16640000,16.64,-1.5076781511306763
run1,dist_entropy,16960000,16.96,-1.5076768398284912
run1,dist_entropy,17280000,17.28,-1.5076753795146942
run1,dist_entropy,17600000,17.6,-1.5076739192008972
run1,dist_entropy,17920000,17.92,-1.5076722502708435
run1,dist_entropy,18240000,18.24,-1.5076701641082764
run1,dist_entropy,18560000,18.56,-1.5076687037944794
run1,dist_entropy,18880000,18.88,-1.5076669752597809
run1,dist_entropy,19200000,19.2,-1.5076653063297272
run1,dist_entropy,19520000,19.52,-1.5076639950275421
run1,dist_entropy,19840000,19.84,-1.50766259431839
run1,dist_entropy,20160000,20.16,-1.5076611638069153
run1,dist_entropy,20480000,20.48,-1.5076600909233093
run1,dist_entropy,20800000,20.8,-1.507659524679184
run1,dist_entropy,21120000,21.12,-1.5076584219932556
run1,dist_entropy,21440000,21.44,-1.5076572000980377
run1,dist_entropy,21760000,21.76,-1.5076561868190765
run1,dist_entropy,22080000,22.08,-1.5076550841331482
run1,dist_entropy,22400000,22.4,-1.507654219865799
run1,dist_entropy,22720000,22.72,-1.5076530873775482
run1,dist_entropy,23040000,23.04,-1.5076523125171661
run1,dist_entropy,23360000,23.36,-1.5076518058776855
run1,dist_entropy,23680000,23.68,-1.5076510608196259
run1,dist_entropy,24000000,24.0,-1.50764998793602
run1,dist_entropy,24320000,24.32,-1.5076483190059662
run1,dist_entropy,24640000,24.64,-1.5076468884944916
run1,dist_entropy,24960000,24.96,-1.5076456367969513
run1,dist_entropy,25280000,25.28,-1.5076444745063782
run1,dist_entropy,25600000,25.6,-1.5076430141925812
run1,dist_entropy,25920000,25.92,-1.50764200091362
run1,dist_entropy,26240000,26.24,-1.5076410174369812
run1,dist_entropy,26560000,26.56,-1.5076407492160797
run1,dist_entropy,26880000,26.88,-1.5076405704021454
run1,dist_entropy,27200000,27.2,-1.5076404511928558
run1,dist_entropy,27520000,27.52,-1.5076395571231842
run1,dist_entropy,27840000,27.84,-1.5076384842395782
run1,dist_entropy,28160000,28.16,-1.507637083530426
run1,dist_entropy,28480000,28.48,-1.5076356828212738
run1,dist_entropy,28800000,28.8,-1.5076344013214111
run1,dist_entropy,29120000,29.12,-1.5076333284378052
run1,dist_entropy,29440000,29.44,-1.5076321363449097
run1,dist_entropy,29760000,29.76,-1.5076313316822052
run1,dist_entropy,30080000,30.08,-1.5076302289962769
run1,dist_entropy,30400000,30.4,-1.5076285600662231
run1,dist_entropy,30720000,30.72,-1.5076273679733276
run1,dist_entropy,31040000,31.04,-1.5076264142990112
run1,dist_entropy,31360000,31.36,-1.5076248943805695
run1,dist_entropy,31680000,31.68,-1.5076228082180023
run1,dist_entropy,32000000,32.0,-1.5076203346252441
run1,dist_entropy,32320000,32.32,-1.5076180696487427
run1,dist_entropy,32640000,32.64,-1.507616639137268
run1,dist_entropy,32960000,32.96,-1.5076154470443726
run1,dist_entropy,33280000,33.28,-1.507614403963089
run1,dist_entropy,33600000,33.6,-1.5076138079166412
run1,dist_entropy,33920000,33.92,-1.5076132118701935
run1,dist_entropy,34240000,34.24,-1.5076125264167786
run1,dist_entropy,34560000,34.56,-1.507611870765686
run1,dist_entropy,34880000,34.88,-1.5076107680797577
run1,dist_entropy,35200000,35.2,-1.507610023021698
run1,dist_entropy,35520000,35.52,-1.507609874010086
run1,dist_entropy,35840000,35.84,-1.507609099149704
run1,dist_entropy,36160000,36.16,-1.507608026266098
run1,dist_entropy,36480000,36.48,-1.5076070129871368
run1,dist_entropy,36800000,36.8,-1.507606714963913
run1,dist_entropy,37120000,37.12,-1.5076066255569458
run1,dist_entropy,37440000,37.44,-1.5076057612895966
run1,dist_entropy,37760000,37.76,-1.5076045095920563
run1,dist_entropy,38080000,38.08,-1.5076027810573578
run1,dist_entropy,38400000,38.4,-1.5076013803482056
run1,dist_entropy,38720000,38.72,-1.5075999200344086
run1,dist_entropy,39040000,39.04,-1.507598727941513
run1,dist_entropy,39360000,39.36,-1.5075970590114594
run1,dist_entropy,39680000,39.68,-1.507595717906952
run1,dist_entropy,40000000,40.0,-1.5075945258140564
run1,dist_entropy,40320000,40.32,-1.5075932443141937
run1,dist_entropy,40640000,40.64,-1.507591873407364
run1,dist_entropy,40960000,40.96,-1.5075905919075012
run1,dist_entropy,41280000,41.28,-1.5075887441635132
run1,dist_entropy,41600000,41.6,-1.5075868964195251
run1,dist_entropy,41920000,41.92,-1.5075857043266296
run1,dist_entropy,42240000,42.24,-1.5075845420360565
run1,dist_entropy,42560000,42.56,-1.507582664489746
run1,dist_entropy,42880000,42.88,-1.507580280303955
run1,dist_entropy,43200000,43.2,-1.5075777769088745
run1,dist_entropy,43520000,43.52,-1.507575362920761
run1,dist_entropy,43840000,43.84,-1.507573515176773
run1,dist_entropy,44160000,44.16,-1.507571965456009
run1,dist_entropy,44480000,44.48,-1.5075702965259552
run1,dist_entropy,44800000,44.8,-1.507569134235382
run1,actor_grad_norm,320000,0.32,0.9256079643964767
run1,actor_grad_norm,640000,0.64,0.903769463300705
run1,actor_grad_norm,960000,0.96,0.8103031516075134
run1,actor_grad_norm,1280000,1.28,0.8481974750757217
run1,actor_grad_norm,1600000,1.6,0.8114451393485069
run1,actor_grad_norm,1920000,1.92,0.9020322412252426
run1,actor_grad_norm,2240000,2.24,0.8893323689699173
run1,actor_grad_norm,2560000,2.56,0.9532255828380585
run1,actor_grad_norm,2880000,2.88,0.7005858570337296
run1,actor_grad_norm,3200000,3.2,0.8967405706644058
run1,actor_grad_norm,3520000,3.52,0.838317409157753
run1,actor_grad_norm,3840000,3.84,1.069102719426155
run1,actor_grad_norm,4160000,4.16,0.9815050512552261
run1,actor_grad_norm,4480000,4.48,0.8873217552900314
run1,actor_grad_norm,4800000,4.8,0.8768756687641144
run1,actor_grad_norm,5120000,5.12,0.8812469691038132
run1,actor_grad_norm,5440000,5.44,0.8518583625555038
run1,actor_grad_norm,5760000,5.76,0.8858100324869156
run1,actor_grad_norm,6080000,6.08,1.0022198557853699
run1,actor_grad_norm,6400000,6.4,0.8954614773392677
run1,actor_grad_norm,6720000,6.72,0.8837336152791977
run1,actor_grad_norm,7040000,7.04,0.8773710280656815
run1,actor_grad_norm,7360000,7.36,1.0862042903900146
run1,actor_grad_norm,7680000,7.68,0.8737601041793823
run1,actor_grad_norm,8000000,8.0,0.7911574393510818
run1,actor_grad_norm,8320000,8.32,0.9225277006626129
run1,actor_grad_norm,8640000,8.64,0.8823327422142029
run1,actor_grad_norm,8960000,8.96,0.8301195502281189
run1,actor_grad_norm,9280000,9.28,0.8984946757555008
run1,actor_grad_norm,9600000,9.6,0.7943000197410583
run1,actor_grad_norm,9920000,9.92,0.8949800431728363
run1,actor_grad_norm,10240000,10.24,0.963385134935379
run1,actor_grad_norm,10560000,10.56,0.9262776672840118
run1,actor_grad_norm,10880000,10.88,0.8276951536536217
run1,actor_grad_norm,11200000,11.2,0.7900309413671494
run1,actor_grad_norm,11520000,11.52,0.9130285531282425
run1,actor_grad_norm,11840000,11.84,0.7643080279231071
run1,actor_grad_norm,12160000,12.16,0.8004292696714401
run1,actor_grad_norm,12480000,12.48,0.8099564164876938
run1,actor_grad_norm,12800000,12.8,1.0018540397286415
run1,actor_grad_norm,13120000,13.12,0.9735027402639389
run1,actor_grad_norm,13440000,13.44,0.8396831005811691
run1,actor_grad_norm,13760000,13.76,0.6965520083904266
run1,actor_grad_norm,14080000,14.08,0.7296222224831581
run1,actor_grad_norm,14400000,14.4,0.9090400487184525
run1,actor_grad_norm,14720000,14.72,0.8324407339096069
run1,actor_grad_norm,15040000,15.04,0.8275847136974335
run1,actor_grad_norm,15360000,15.36,0.9540855884552002
run1,actor_grad_norm,15680000,15.68,0.9276494681835175
run1,actor_grad_norm,16000000,16.0,1.6452461779117584
run1,actor_grad_norm,16320000,16.32,0.9026790112257004
run1,actor_grad_norm,16640000,16.64,1.6577085554599762
run1,actor_grad_norm,16960000,16.96,0.7829535901546478
run1,actor_grad_norm,17280000,17.28,0.8629292994737625
run1,actor_grad_norm,17600000,17.6,0.7188508808612823
run1,actor_grad_norm,17920000,17.92,0.7631953805685043
run1,actor_grad_norm,18240000,18.24,1.5976487398147583
run1,actor_grad_norm,18560000,18.56,0.8205351904034615
run1,actor_grad_norm,18880000,18.88,0.7270236909389496
run1,actor_grad_norm,19200000,19.2,0.8095775097608566
run1,actor_grad_norm,19520000,19.52,0.6924285367131233
run1,actor_grad_norm,19840000,19.84,0.75712850689888
run1,actor_grad_norm,20160000,20.16,0.8101193308830261
run1,actor_grad_norm,20480000,20.48,0.6302043423056602
run1,actor_grad_norm,20800000,20.8,0.6595317423343658
run1,actor_grad_norm,21120000,21.12,1.4585631787776947
run1,actor_grad_norm,21440000,21.44,0.787869930267334
run1,actor_grad_norm,21760000,21.76,0.8053356409072876
run1,actor_grad_norm,22080000,22.08,1.3632009774446487
run1,actor_grad_norm,22400000,22.4,0.6328380852937698
run1,actor_grad_norm,22720000,22.72,0.6691787838935852
run1,actor_grad_norm,23040000,23.04,0.6768117398023605
run1,actor_grad_norm,23360000,23.36,0.6799412816762924
run1,actor_grad_norm,23680000,23.68,0.8635846972465515
run1,actor_grad_norm,24000000,24.0,0.8027926385402679
run1,actor_grad_norm,24320000,24.32,0.8551242724061012
run1,actor_grad_norm,24640000,24.64,0.9082929641008377
run1,actor_grad_norm,24960000,24.96,0.6940319165587425
run1,actor_grad_norm,25280000,25.28,0.6996234208345413
run1,actor_grad_norm,25600000,25.6,1.363342672586441
run1,actor_grad_norm,25920000,25.92,1.3055917918682098
run1,actor_grad_norm,26240000,26.24,1.5027735233306885
run1,actor_grad_norm,26560000,26.56,1.3886228203773499
run1,actor_grad_norm,26880000,26.88,0.5386286899447441
run1,actor_grad_norm,27200000,27.2,1.5152472853660583
run1,actor_grad_norm,27520000,27.52,0.7953348904848099
run1,actor_grad_norm,27840000,27.84,0.7935953885316849
run1,actor_grad_norm,28160000,28.16,0.7952923029661179
run1,actor_grad_norm,28480000,28.48,0.7507389932870865
run1,actor_grad_norm,28800000,28.8,0.6430798768997192
run1,actor_grad_norm,29120000,29.12,0.6072432771325111
run1,actor_grad_norm,29440000,29.44,0.7054408937692642
run1,actor_grad_norm,29760000,29.76,1.3500438034534454
run1,actor_grad_norm,30080000,30.08,0.9549645483493805
run1,actor_grad_norm,30400000,30.4,0.6811190769076347
run1,actor_grad_norm,30720000,30.72,0.6730669885873795
run1,actor_grad_norm,31040000,31.04,0.676867850124836
run1,actor_grad_norm,31360000,31.36,0.7355128601193428
run1,actor_grad_norm,31680000,31.68,0.7900648713111877
run1,actor_grad_norm,32000000,32.0,0.6826523691415787
run1,actor_grad_norm,32320000,32.32,0.7338823825120926
run1,actor_grad_norm,32640000,32.64,0.7127390205860138
run1,actor_grad_norm,32960000,32.96,0.7092304602265358
run1,actor_grad_norm,33280000,33.28,0.7612275779247284
run1,actor_grad_norm,33600000,33.6,0.6812851205468178
run1,actor_grad_norm,33920000,33.92,0.8495995625853539
run1,actor_grad_norm,34240000,34.24,0.8033827543258667
run1,actor_grad_norm,34560000,34.56,0.8239747434854507
run1,actor_grad_norm,34880000,34.88,0.7068236321210861
run1,actor_grad_norm,35200000,35.2,0.9204528778791428
run1,actor_grad_norm,35520000,35.52,0.6459214016795158
run1,actor_grad_norm,35840000,35.84,0.7022858411073685
run1,actor_grad_norm,36160000,36.16,0.8894835561513901
run1,actor_grad_norm,36480000,36.48,0.8223368525505066
run1,actor_grad_norm,36800000,36.8,0.841167651116848
run1,actor_grad_norm,37120000,37.12,0.7112006172537804
run1,actor_grad_norm,37440000,37.44,0.7012296766042709
run1,actor_grad_norm,37760000,37.76,0.8428024426102638
run1,actor_grad_norm,38080000,38.08,0.7042843550443649
run1,actor_grad_norm,38400000,38.4,0.655367985367775
run1,actor_grad_norm,38720000,38.72,0.8224245309829712
run1,actor_grad_norm,39040000,39.04,0.8479101359844208
run1,actor_grad_norm,39360000,39.36,0.6249620914459229
run1,actor_grad_norm,39680000,39.68,0.7894237488508224
run1,actor_grad_norm,40000000,40.0,0.8417341262102127
run1,actor_grad_norm,40320000,40.32,0.8398569524288177
run1,actor_grad_norm,40640000,40.64,0.8420628979802132
run1,actor_grad_norm,40960000,40.96,0.9521995782852173
run1,actor_grad_norm,41280000,41.28,0.9252754896879196
run1,actor_grad_norm,41600000,41.6,0.9365546107292175
run1,actor_grad_norm,41920000,41.92,0.764549121260643
run1,actor_grad_norm,42240000,42.24,0.8912489414215088
run1,actor_grad_norm,42560000,42.56,0.8068140298128128
run1,actor_grad_norm,42880000,42.88,1.0152167230844498
run1,actor_grad_norm,43200000,43.2,0.72248225659132
run1,actor_grad_norm,43520000,43.52,0.894117534160614
run1,actor_grad_norm,43840000,43.84,0.8686731830239296
run1,actor_grad_norm,44160000,44.16,0.7896937429904938
run1,actor_grad_norm,44480000,44.48,0.7010108456015587
run1,actor_grad_norm,44800000,44.8,0.8445417135953903
run1,critic_grad_norm,320000,0.32,2.016213148832321
run1,critic_grad_norm,640000,0.64,1.3394179493188858
run1,critic_grad_norm,960000,0.96,0.6031175628304482
run1,critic_grad_norm,1280000,1.28,0.5584620833396912
run1,critic_grad_norm,1600000,1.6,0.5935773849487305
run1,critic_grad_norm,1920000,1.92,0.5159610733389854
run1,critic_grad_norm,2240000,2.24,0.5142092257738113
run1,critic_grad_norm,2560000,2.56,0.4207427501678467
run1,critic_grad_norm,2880000,2.88,0.5338216796517372
run1,critic_grad_norm,3200000,3.2,0.41764839738607407
run1,critic_grad_norm,3520000,3.52,0.3531501442193985
run1,critic_grad_norm,3840000,3.84,0.3709712401032448
run1,critic_grad_norm,4160000,4.16,0.4143179580569267
run1,critic_grad_norm,4480000,4.48,0.3343057930469513
run1,critic_grad_norm,4800000,4.8,0.24155493080615997
run1,critic_grad_norm,5120000,5.12,0.33790723979473114
run1,critic_grad_norm,5440000,5.44,0.23408310860395432
run1,critic_grad_norm,5760000,5.76,0.31627024710178375
run1,critic_grad_norm,6080000,6.08,0.23984398692846298
run1,critic_grad_norm,6400000,6.4,0.20545721054077148
run1,critic_grad_norm,6720000,6.72,0.2566743977367878
run1,critic_grad_norm,7040000,7.04,0.19309722259640694
run1,critic_grad_norm,7360000,7.36,0.2188279628753662
run1,critic_grad_norm,7680000,7.68,0.1972612738609314
run1,critic_grad_norm,8000000,8.0,0.2339409589767456
run1,critic_grad_norm,8320000,8.32,0.20409558713436127
run1,critic_grad_norm,8640000,8.64,0.16843333467841148
run1,critic_grad_norm,8960000,8.96,0.18714608997106552
run1,critic_grad_norm,9280000,9.28,0.22209734097123146
run1,critic_grad_norm,9600000,9.6,0.15651840902864933
run1,critic_grad_norm,9920000,9.92,0.15630525723099709
run1,critic_grad_norm,10240000,10.24,0.1823335699737072
run1,critic_grad_norm,10560000,10.56,0.16147535666823387
run1,critic_grad_norm,10880000,10.88,0.17444613948464394
run1,critic_grad_norm,11200000,11.2,0.18890776485204697
run1,critic_grad_norm,11520000,11.52,0.14194854721426964
run1,critic_grad_norm,11840000,11.84,0.16743531450629234
run1,critic_grad_norm,12160000,12.16,0.13895098865032196
run1,critic_grad_norm,12480000,12.48,0.16245722211897373
run1,critic_grad_norm,12800000,12.8,0.14974073879420757
run1,critic_grad_norm,13120000,13.12,0.1629546880722046
run1,critic_grad_norm,13440000,13.44,0.1381337195634842
run1,critic_grad_norm,13760000,13.76,0.1251077987253666
run1,critic_grad_norm,14080000,14.08,0.1400245502591133
run1,critic_grad_norm,14400000,14.4,0.14940517023205757
run1,critic_grad_norm,14720000,14.72,0.1546073667705059
run1,critic_grad_norm,15040000,15.04,0.1829792521893978
run1,critic_grad_norm,15360000,15.36,0.16709007509052753
run1,critic_grad_norm,15680000,15.68,0.12396108917891979
run1,critic_grad_norm,16000000,16.0,0.10275254212319851
run1,critic_grad_norm,16320000,16.32,0.10531635209918022
run1,critic_grad_norm,16640000,16.64,0.09272417612373829
run1,critic_grad_norm,16960000,16.96,0.11153821088373661
run1,critic_grad_norm,17280000,17.28,0.08625799603760242
run1,critic_grad_norm,17600000,17.6,0.1276536788791418
run1,critic_grad_norm,17920000,17.92,0.1197061613202095
run1,critic_grad_norm,18240000,18.24,0.099087318405509
run1,critic_grad_norm,18560000,18.56,0.14644938334822655
run1,critic_grad_norm,18880000,18.88,0.12846322916448116
run1,critic_grad_norm,19200000,19.2,0.12116264551877975
run1,critic_grad_norm,19520000,19.52,0.11835658736526966
run1,critic_grad_norm,19840000,19.84,0.10597658343613148
run1,critic_grad_norm,20160000,20.16,0.18090767785906792
run1,critic_grad_norm,20480000,20.48,0.13949625939130783
run1,critic_grad_norm,20800000,20.8,0.15584438852965832
run1,critic_grad_norm,21120000,21.12,0.12921988405287266
run1,critic_grad_norm,21440000,21.44,0.13421229645609856
run1,critic_grad_norm,21760000,21.76,0.11859491094946861
run1,critic_grad_norm,22080000,22.08,0.09567293711006641
run1,critic_grad_norm,22400000,22.4,0.12785287387669086
run1,critic_grad_norm,22720000,22.72,0.15557117760181427
run1,critic_grad_norm,23040000,23.04,0.15937409922480583
run1,critic_grad_norm,23360000,23.36,0.13267375342547894
run1,critic_grad_norm,23680000,23.68,0.12474609911441803
run1,critic_grad_norm,24000000,24.0,0.10922638885676861
run1,critic_grad_norm,24320000,24.32,0.140257203951478
run1,critic_grad_norm,24640000,24.64,0.13277666829526424
run1,critic_grad_norm,24960000,24.96,0.1436663158237934
run1,critic_grad_norm,25280000,25.28,0.12451358512043953
run1,critic_grad_norm,25600000,25.6,0.10481641255319118
run1,critic_grad_norm,25920000,25.92,0.11925438791513443
run1,critic_grad_norm,26240000,26.24,0.09451746102422476
run1,critic_grad_norm,26560000,26.56,0.11318454705178738
run1,critic_grad_norm,26880000,26.88,0.133176077157259
run1,critic_grad_norm,27200000,27.2,0.10528051946312189
run1,critic_grad_norm,27520000,27.52,0.12232227995991707
run1,critic_grad_norm,27840000,27.84,0.11823353171348572
run1,critic_grad_norm,28160000,28.16,0.1601511351764202
run1,critic_grad_norm,28480000,28.48,0.13718124106526375
run1,critic_grad_norm,28800000,28.8,0.12151106633245945
run1,critic_grad_norm,29120000,29.12,0.17112226970493793
run1,critic_grad_norm,29440000,29.44,0.12399411760270596
run1,critic_grad_norm,29760000,29.76,0.11194323003292084
run1,critic_grad_norm,30080000,30.08,0.11748711578547955
run1,critic_grad_norm,30400000,30.4,0.09421895630657673
run1,critic_grad_norm,30720000,30.72,0.09906347095966339
run1,critic_grad_norm,31040000,31.04,0.12646658346056938
run1,critic_grad_norm,31360000,31.36,0.13462482579052448
run1,critic_grad_norm,31680000,31.68,0.1377575546503067
run1,critic_grad_norm,32000000,32.0,0.08464081399142742
run1,critic_grad_norm,32320000,32.32,0.08467978704720736
run1,critic_grad_norm,32640000,32.64,0.11653250269591808
run1,critic_grad_norm,32960000,32.96,0.1830381155014038
run1,critic_grad_norm,33280000,33.28,0.09938748180866241
run1,critic_grad_norm,33600000,33.6,0.11750014498829842
run1,critic_grad_norm,33920000,33.92,0.14293160662055016
run1,critic_grad_norm,34240000,34.24,0.11441916599869728
run1,critic_grad_norm,34560000,34.56,0.169571403414011
run1,critic_grad_norm,34880000,34.88,0.11804191395640373
run1,critic_grad_norm,35200000,35.2,0.10742758214473724
run1,critic_grad_norm,35520000,35.52,0.1441724542528391
run1,critic_grad_norm,35840000,35.84,0.09403137303888798
run1,critic_grad_norm,36160000,36.16,0.16755907982587814
run1,critic_grad_norm,36480000,36.48,0.16549435071647167
run1,critic_grad_norm,36800000,36.8,0.14897081069648266
run1,critic_grad_norm,37120000,37.12,0.11418752558529377
run1,critic_grad_norm,37440000,37.44,0.12555939704179764
run1,critic_grad_norm,37760000,37.76,0.20673109591007233
run1,critic_grad_norm,38080000,38.08,0.23015999421477318
run1,critic_grad_norm,38400000,38.4,0.19400420412421227
run1,critic_grad_norm,38720000,38.72,0.2219952493906021
run1,critic_grad_norm,39040000,39.04,0.16015637665987015
run1,critic_grad_norm,39360000,39.36,0.14233932085335255
run1,critic_grad_norm,39680000,39.68,0.1905871145427227
run1,critic_grad_norm,40000000,40.0,0.20519471168518066
run1,critic_grad_norm,40320000,40.32,0.26341741532087326
run1,critic_grad_norm,40640000,40.64,0.2565702944993973
run1,critic_grad_norm,40960000,40.96,0.19167175516486168
run1,critic_grad_norm,41280000,41.28,0.18307105638086796
run1,critic_grad_norm,41600000,41.6,0.17469247058033943
run1,critic_grad_norm,41920000,41.92,0.16720107197761536
run1,critic_grad_norm,42240000,42.24,0.24917497485876083
run1,critic_grad_norm,42560000,42.56,0.2316874973475933
run1,critic_grad_norm,42880000,42.88,0.31981752812862396
run1,critic_grad_norm,43200000,43.2,0.2044466808438301
run1,critic_grad_norm,43520000,43.52,0.16867217049002647
run1,critic_grad_norm,43840000,43.84,0.2873688414692879
run1,critic_grad_norm,44160000,44.16,0.2860250398516655
run1,critic_grad_norm,44480000,44.48,0.29311133176088333
run1,critic_grad_norm,44800000,44.8,0.3001430034637451
run1,ratio,320000,0.32,1.000000149011612
run1,ratio,640000,0.64,1.000000610947609
run1,ratio,960000,0.96,1.0000001192092896
run1,ratio,1280000,1.28,1.0000000298023224
run1,ratio,1600000,1.6,1.000000700354576
run1,ratio,1920000,1.92,1.0000005960464478
run1,ratio,2240000,2.24,1.0000000298023224
run1,ratio,2560000,2.56,1.0000009983778
run1,ratio,2880000,2.88,1.0000006556510925
run1,ratio,3200000,3.2,1.000001236796379
run1,ratio,3520000,3.52,0.9999980926513672
run1,ratio,3840000,3.84,1.0
run1,ratio,4160000,4.16,0.9999978393316269
run1,ratio,4480000,4.48,0.9999980032444
run1,ratio,4800000,4.8,1.0000000596046448
run1,ratio,5120000,5.12,0.9999991208314896
run1,ratio,5440000,5.44,1.0000018179416656
run1,ratio,5760000,5.76,0.999999925494194
run1,ratio,6080000,6.08,0.9999990463256836
run1,ratio,6400000,6.4,1.0000004768371582
run1,ratio,6720000,6.72,0.9999996274709702
run1,ratio,7040000,7.04,0.999999150633812
run1,ratio,7360000,7.36,1.0000028908252716
run1,ratio,7680000,7.68,0.9999997317790985
run1,ratio,8000000,8.0,0.9999980926513672
run1,ratio,8320000,8.32,0.9999998062849045
run1,ratio,8640000,8.64,0.9999998360872269
run1,ratio,8960000,8.96,1.000001072883606
run1,ratio,9280000,9.28,0.9999991953372955
run1,ratio,9600000,9.6,0.9999996870756149
run1,ratio,9920000,9.92,1.0000006705522537
run1,ratio,10240000,10.24,0.9999999850988388
run1,ratio,10560000,10.56,1.0000027120113373
run1,ratio,10880000,10.88,1.000001385807991
run1,ratio,11200000,11.2,0.9999994039535522
run1,ratio,11520000,11.52,0.9999990910291672
run1,ratio,11840000,11.84,0.9999993443489075
run1,ratio,12160000,12.16,0.9999983161687851
run1,ratio,12480000,12.48,1.0000005662441254
run1,ratio,12800000,12.8,0.9999990612268448
run1,ratio,13120000,13.12,1.000000149011612
run1,ratio,13440000,13.44,1.000000849366188
run1,ratio,13760000,13.76,0.9999956637620926
run1,ratio,14080000,14.08,0.9999995082616806
run1,ratio,14400000,14.4,1.0000008791685104
run1,ratio,14720000,14.72,1.0000005662441254
run1,ratio,15040000,15.04,0.9999992698431015
run1,ratio,15360000,15.36,1.0000003278255463
run1,ratio,15680000,15.68,1.0000000596046448
run1,ratio,16000000,16.0,1.0000002980232239
run1,ratio,16320000,16.32,0.9999956041574478
run1,ratio,16640000,16.64,0.9999982714653015
run1,ratio,16960000,16.96,1.000003308057785
run1,ratio,17280000,17.28,1.0000003576278687
run1,ratio,17600000,17.6,0.9999991059303284
run1,ratio,17920000,17.92,1.0000007301568985
run1,ratio,18240000,18.24,0.9999979883432388
run1,ratio,18560000,18.56,1.0000008940696716
run1,ratio,18880000,18.88,0.9999988526105881
run1,ratio,19200000,19.2,1.0000001341104507
run1,ratio,19520000,19.52,1.000001460313797
run1,ratio,19840000,19.84,0.9999970197677612
run1,ratio,20160000,20.16,1.0000002086162567
run1,ratio,20480000,20.48,0.999999463558197
run1,ratio,20800000,20.8,0.9999990612268448
run1,ratio,21120000,21.12,1.0000016540288925
run1,ratio,21440000,21.44,0.9999977946281433
run1,ratio,21760000,21.76,1.000000223517418
run1,ratio,22080000,22.08,1.0000018775463104
run1,ratio,22400000,22.4,0.999999076128006
run1,ratio,22720000,22.72,0.9999985545873642
run1,ratio,23040000,23.04,1.000001698732376
run1,ratio,23360000,23.36,1.0000009834766388
run1,ratio,23680000,23.68,0.9999984949827194
run1,ratio,24000000,24.0,1.000000387430191
run1,ratio,24320000,24.32,0.9999979883432388
run1,ratio,24640000,24.64,1.000001534819603
run1,ratio,24960000,24.96,1.0000001192092896
run1,ratio,25280000,25.28,0.9999998658895493
run1,ratio,25600000,25.6,1.0000000298023224
run1,ratio,25920000,25.92,1.0000007897615433
run1,ratio,26240000,26.24,1.0000023245811462
run1,ratio,26560000,26.56,0.9999999701976776
run1,ratio,26880000,26.88,0.9999987781047821
run1,ratio,27200000,27.2,0.9999992251396179
run1,ratio,27520000,27.52,0.9999952763319016
run1,ratio,27840000,27.84,1.0000001788139343
run1,ratio,28160000,28.16,0.9999992251396179
run1,ratio,28480000,28.48,1.000002771615982
run1,ratio,28800000,28.8,1.0000001192092896
run1,ratio,29120000,29.12,1.0000006258487701
run1,ratio,29440000,29.44,0.999998539686203
run1,ratio,29760000,29.76,1.0000002533197403
run1,ratio,30080000,30.08,1.000001236796379
run1,ratio,30400000,30.4,1.000001311302185
run1,ratio,30720000,30.72,1.0000001788139343
run1,ratio,31040000,31.04,1.0000000298023224
run1,ratio,31360000,31.36,1.0000010132789612
run1,ratio,31680000,31.68,1.0000005513429642
run1,ratio,32000000,32.0,0.9999988377094269
run1,ratio,32320000,32.32,1.0000032037496567
run1,ratio,32640000,32.64,0.9999992698431015
run1,ratio,32960000,32.96,1.000001072883606
run1,ratio,33280000,33.28,1.000000536441803
run1,ratio,33600000,33.6,1.0000007152557373
run1,ratio,33920000,33.92,0.9999992102384567
run1,ratio,34240000,34.24,1.0000003576278687
run1,ratio,34560000,34.56,0.9999998211860657
run1,ratio,34880000,34.88,0.9999988377094269
run1,ratio,35200000,35.2,1.0000015795230865
run1,ratio,35520000,35.52,1.0000000894069672
run1,ratio,35840000,35.84,0.9999999105930328
run1,ratio,36160000,36.16,0.999999150633812
run1,ratio,36480000,36.48,0.9999998956918716
run1,ratio,36800000,36.8,1.0000001043081284
run1,ratio,37120000,37.12,1.0000007301568985
run1,ratio,37440000,37.44,1.0000015199184418
run1,ratio,37760000,37.76,1.0000010132789612
run1,ratio,38080000,38.08,0.9999998807907104
run1,ratio,38400000,38.4,0.9999989867210388
run1,ratio,38720000,38.72,0.9999997019767761
run1,ratio,39040000,39.04,0.9999996870756149
run1,ratio,39360000,39.36,0.9999990910291672
run1,ratio,39680000,39.68,0.9999986737966537
run1,ratio,40000000,40.0,0.9999988079071045
run1,ratio,40320000,40.32,1.0000003427267075
run1,ratio,40640000,40.64,0.999999612569809
run1,ratio,40960000,40.96,0.9999983906745911
run1,ratio,41280000,41.28,1.0000007450580597
run1,ratio,41600000,41.6,1.000000849366188
run1,ratio,41920000,41.92,1.0000005662441254
run1,ratio,42240000,42.24,1.000000074505806
run1,ratio,42560000,42.56,1.0000010430812836
run1,ratio,42880000,42.88,0.9999995231628418
run1,ratio,43200000,43.2,0.9999997168779373
run1,ratio,43520000,43.52,0.9999997466802597
run1,ratio,43840000,43.84,0.999999538064003
run1,ratio,44160000,44.16,1.000000074505806
run1,ratio,44480000,44.48,0.9999997615814209
run1,ratio,44800000,44.8,1.0000002533197403
run1,env_success,320000,0.32,0.3333333432674408
run1,env_success,640000,0.64,0.3636363744735718
run1,env_success,960000,0.96,0.2786885201931
run1,env_success,1280000,1.28,0.31343284249305725
run1,env_success,1600000,1.6,0.3472222089767456
run1,env_success,1920000,1.92,0.3968254029750824
run1,env_success,2240000,2.24,0.4153846204280853
run1,env_success,2560000,2.56,0.3188405930995941
run1,env_success,2880000,2.88,0.4920634925365448
run1,env_success,3200000,3.2,0.3285714387893677
run1,env_success,3520000,3.52,0.3076923191547394
run1,env_success,3840000,3.84,0.3384615480899811
run1,env_success,4160000,4.16,0.41791045665740967
run1,env_success,4480000,4.48,0.38235294818878174
run1,env_success,4800000,4.8,0.2380952388048172
run1,env_success,5120000,5.12,0.4029850661754608
run1,env_success,5440000,5.44,0.20588235557079315
run1,env_success,5760000,5.76,0.3968254029750824
run1,env_success,6080000,6.08,0.25
run1,env_success,6400000,6.4,0.25
run1,env_success,6720000,6.72,0.328125
run1,env_success,7040000,7.04,0.1846153885126114
run1,env_success,7360000,7.36,0.27941176295280457
run1,env_success,7680000,7.68,0.2222222238779068
run1,env_success,8000000,8.0,0.30645161867141724
run1,env_success,8320000,8.32,0.23188406229019165
run1,env_success,8640000,8.64,0.22580644488334656
run1,env_success,8960000,8.96,0.19696970283985138
run1,env_success,9280000,9.28,0.25806450843811035
run1,env_success,9600000,9.6,0.203125
run1,env_success,9920000,9.92,0.1666666716337204
run1,env_success,10240000,10.24,0.14492753148078918
run1,env_success,10560000,10.56,0.11666666716337204
run1,env_success,10880000,10.88,0.10606060922145844
run1,env_success,11200000,11.2,0.2153846174478531
run1,env_success,11520000,11.52,0.1111111119389534
run1,env_success,11840000,11.84,0.10606060922145844
run1,env_success,12160000,12.16,0.08771929889917374
run1,env_success,12480000,12.48,0.09859155118465424
run1,env_success,12800000,12.8,0.1525423675775528
run1,env_success,13120000,13.12,0.029411764815449715
run1,env_success,13440000,13.44,0.03076923079788685
run1,env_success,13760000,13.76,0.07017543911933899
run1,env_success,14080000,14.08,0.09090909361839294
run1,env_success,14400000,14.4,0.03333333507180214
run1,env_success,14720000,14.72,0.0625
run1,env_success,15040000,15.04,0.09836065769195557
run1,env_success,15360000,15.36,0.0476190485060215
run1,env_success,15680000,15.68,0.016393441706895828
run1,env_success,16000000,16.0,0.0
run1,env_success,16320000,16.32,0.03333333507180214
run1,env_success,16640000,16.64,0.0
run1,env_success,16960000,16.96,0.032258063554763794
run1,env_success,17280000,17.28,0.01666666753590107
run1,env_success,17600000,17.6,0.072727270424366
run1,env_success,17920000,17.92,0.05000000074505806
run1,env_success,18240000,18.24,0.0
run1,env_success,18560000,18.56,0.056603774428367615
run1,env_success,18880000,18.88,0.05263157933950424
run1,env_success,19200000,19.2,0.021739130839705467
run1,env_success,19520000,19.52,0.043478261679410934
run1,env_success,19840000,19.84,0.020408162847161293
run1,env_success,20160000,20.16,0.05999999865889549
run1,env_success,20480000,20.48,0.021276595070958138
run1,env_success,20800000,20.8,0.023255813866853714
run1,env_success,21120000,21.12,0.0
run1,env_success,21440000,21.44,0.02500000037252903
run1,env_success,21760000,21.76,0.02500000037252903
run1,env_success,22080000,22.08,0.0
run1,env_success,22400000,22.4,0.05000000074505806
run1,env_success,22720000,22.72,0.05000000074505806
run1,env_success,23040000,23.04,0.04878048598766327
run1,env_success,23360000,23.36,0.02500000037252903
run1,env_success,23680000,23.68,0.02500000037252903
run1,env_success,24000000,24.0,0.024390242993831635
run1,env_success,24320000,24.32,0.05000000074505806
run1,env_success,24640000,24.64,0.0731707289814949
run1,env_success,24960000,24.96,0.0731707289814949
run1,env_success,25280000,25.28,0.09756097197532654
run1,env_success,25600000,25.6,0.0
run1,env_success,25920000,25.92,0.0
run1,env_success,26240000,26.24,0.0
run1,env_success,26560000,26.56,0.0
run1,env_success,26880000,26.88,0.04878048598766327
run1,env_success,27200000,27.2,0.0
run1,env_success,27520000,27.52,0.024390242993831635
run1,env_success,27840000,27.84,0.02500000037252903
run1,env_success,28160000,28.16,0.07500000298023224
run1,env_success,28480000,28.48,0.07500000298023224
run1,env_success,28800000,28.8,0.02500000037252903
run1,env_success,29120000,29.12,0.12195122241973877
run1,env_success,29440000,29.44,0.0731707289814949
run1,env_success,29760000,29.76,0.0
run1,env_success,30080000,30.08,0.09756097197532654
run1,env_success,30400000,30.4,0.05000000074505806
run1,env_success,30720000,30.72,0.0476190485060215
run1,env_success,31040000,31.04,0.0714285746216774
run1,env_success,31360000,31.36,0.09090909361839294
run1,env_success,31680000,31.68,0.095238097012043
run1,env_success,32000000,32.0,0.05000000074505806
run1,env_success,32320000,32.32,0.02500000037252903
run1,env_success,32640000,32.64,0.07500000298023224
run1,env_success,32960000,32.96,0.19512194395065308
run1,env_success,33280000,33.28,0.05000000074505806
run1,env_success,33600000,33.6,0.05000000074505806
run1,env_success,33920000,33.92,0.12195122241973877
run1,env_success,34240000,34.24,0.0731707289814949
run1,env_success,34560000,34.56,0.15909090638160706
run1,env_success,34880000,34.88,0.04878048598766327
run1,env_success,35200000,35.2,0.05000000074505806
run1,env_success,35520000,35.52,0.1428571492433548
run1,env_success,35840000,35.84,0.024390242993831635
run1,env_success,36160000,36.16,0.17499999701976776
run1,env_success,36480000,36.48,0.0714285746216774
run1,env_success,36800000,36.8,0.17499999701976776
run1,env_success,37120000,37.12,0.05000000074505806
run1,env_success,37440000,37.44,0.13636364042758942
run1,env_success,37760000,37.76,0.19565217196941376
run1,env_success,38080000,38.08,0.2222222238779068
run1,env_success,38400000,38.4,0.20930232107639313
run1,env_success,38720000,38.72,0.20930232107639313
run1,env_success,39040000,39.04,0.1463414579629898
run1,env_success,39360000,39.36,0.05000000074505806
run1,env_success,39680000,39.68,0.190476194024086
run1,env_success,40000000,40.0,0.190476194024086
run1,env_success,40320000,40.32,0.30434781312942505
run1,env_success,40640000,40.64,0.2380952388048172
run1,env_success,40960000,40.96,0.22499999403953552
run1,env_success,41280000,41.28,0.190476194024086
run1,env_success,41600000,41.6,0.23404255509376526
run1,env_success,41920000,41.92,0.2195121943950653
run1,env_success,42240000,42.24,0.2888889014720917
run1,env_success,42560000,42.56,0.27906978130340576
run1,env_success,42880000,42.88,0.3913043439388275
run1,env_success,43200000,43.2,0.09756097197532654
run1,env_success,43520000,43.52,0.20930232107639313
run1,env_success,43840000,43.84,0.3478260934352875
run1,env_success,44160000,44.16,0.31111112236976624
run1,env_success,44480000,44.48,0.27272728085517883
run1,env_success,44800000,44.8,0.3488371968269348
run1,env_hit_count,320000,0.32,0.3333333432674408
run1,env_hit_count,640000,0.64,0.3636363744735718
run1,env_hit_count,960000,0.96,0.2786885201931
run1,env_hit_count,1280000,1.28,0.31343284249305725
run1,env_hit_count,1600000,1.6,0.3472222089767456
run1,env_hit_count,1920000,1.92,0.3968254029750824
run1,env_hit_count,2240000,2.24,0.4153846204280853
run1,env_hit_count,2560000,2.56,0.3188405930995941
run1,env_hit_count,2880000,2.88,0.4920634925365448
run1,env_hit_count,3200000,3.2,0.3285714387893677
run1,env_hit_count,3520000,3.52,0.3076923191547394
run1,env_hit_count,3840000,3.84,0.3384615480899811
run1,env_hit_count,4160000,4.16,0.41791045665740967
run1,env_hit_count,4480000,4.48,0.38235294818878174
run1,env_hit_count,4800000,4.8,0.2380952388048172
run1,env_hit_count,5120000,5.12,0.4029850661754608
run1,env_hit_count,5440000,5.44,0.20588235557079315
run1,env_hit_count,5760000,5.76,0.3968254029750824
run1,env_hit_count,6080000,6.08,0.25
run1,env_hit_count,6400000,6.4,0.25
run1,env_hit_count,6720000,6.72,0.328125
run1,env_hit_count,7040000,7.04,0.1846153885126114
run1,env_hit_count,7360000,7.36,0.27941176295280457
run1,env_hit_count,7680000,7.68,0.2222222238779068
run1,env_hit_count,8000000,8.0,0.30645161867141724
run1,env_hit_count,8320000,8.32,0.23188406229019165
run1,env_hit_count,8640000,8.64,0.22580644488334656
run1,env_hit_count,8960000,8.96,0.19696970283985138
run1,env_hit_count,9280000,9.28,0.25806450843811035
run1,env_hit_count,9600000,9.6,0.203125
run1,env_hit_count,9920000,9.92,0.1666666716337204
run1,env_hit_count,10240000,10.24,0.14492753148078918
run1,env_hit_count,10560000,10.56,0.11666666716337204
run1,env_hit_count,10880000,10.88,0.10606060922145844
run1,env_hit_count,11200000,11.2,0.2153846174478531
run1,env_hit_count,11520000,11.52,0.1111111119389534
run1,env_hit_count,11840000,11.84,0.10606060922145844
run1,env_hit_count,12160000,12.16,0.08771929889917374
run1,env_hit_count,12480000,12.48,0.09859155118465424
run1,env_hit_count,12800000,12.8,0.1525423675775528
run1,env_hit_count,13120000,13.12,0.029411764815449715
run1,env_hit_count,13440000,13.44,0.03076923079788685
run1,env_hit_count,13760000,13.76,0.07017543911933899
run1,env_hit_count,14080000,14.08,0.09090909361839294
run1,env_hit_count,14400000,14.4,0.03333333507180214
run1,env_hit_count,14720000,14.72,0.0625
run1,env_hit_count,15040000,15.04,0.09836065769195557
run1,env_hit_count,15360000,15.36,0.0476190485060215
run1,env_hit_count,15680000,15.68,0.016393441706895828
run1,env_hit_count,16000000,16.0,0.0
run1,env_hit_count,16320000,16.32,0.03333333507180214
run1,env_hit_count,16640000,16.64,0.0
run1,env_hit_count,16960000,16.96,0.032258063554763794
run1,env_hit_count,17280000,17.28,0.01666666753590107
run1,env_hit_count,17600000,17.6,0.072727270424366
run1,env_hit_count,17920000,17.92,0.05000000074505806
run1,env_hit_count,18240000,18.24,0.0
run1,env_hit_count,18560000,18.56,0.056603774428367615
run1,env_hit_count,18880000,18.88,0.05263157933950424
run1,env_hit_count,19200000,19.2,0.021739130839705467
run1,env_hit_count,19520000,19.52,0.043478261679410934
run1,env_hit_count,19840000,19.84,0.020408162847161293
run1,env_hit_count,20160000,20.16,0.05999999865889549
run1,env_hit_count,20480000,20.48,0.021276595070958138
run1,env_hit_count,20800000,20.8,0.023255813866853714
run1,env_hit_count,21120000,21.12,0.0
run1,env_hit_count,21440000,21.44,0.02500000037252903
run1,env_hit_count,21760000,21.76,0.02500000037252903
run1,env_hit_count,22080000,22.08,0.0
run1,env_hit_count,22400000,22.4,0.05000000074505806
run1,env_hit_count,22720000,22.72,0.05000000074505806
run1,env_hit_count,23040000,23.04,0.04878048598766327
run1,env_hit_count,23360000,23.36,0.02500000037252903
run1,env_hit_count,23680000,23.68,0.02500000037252903
run1,env_hit_count,24000000,24.0,0.024390242993831635
run1,env_hit_count,24320000,24.32,0.05000000074505806
run1,env_hit_count,24640000,24.64,0.0731707289814949
run1,env_hit_count,24960000,24.96,0.0731707289814949
run1,env_hit_count,25280000,25.28,0.09756097197532654
run1,env_hit_count,25600000,25.6,0.0
run1,env_hit_count,25920000,25.92,0.0
run1,env_hit_count,26240000,26.24,0.0
run1,env_hit_count,26560000,26.56,0.0
run1,env_hit_count,26880000,26.88,0.04878048598766327
run1,env_hit_count,27200000,27.2,0.0
run1,env_hit_count,27520000,27.52,0.024390242993831635
run1,env_hit_count,27840000,27.84,0.02500000037252903
run1,env_hit_count,28160000,28.16,0.07500000298023224
run1,env_hit_count,28480000,28.48,0.07500000298023224
run1,env_hit_count,28800000,28.8,0.02500000037252903
run1,env_hit_count,29120000,29.12,0.12195122241973877
run1,env_hit_count,29440000,29.44,0.0731707289814949
run1,env_hit_count,29760000,29.76,0.0
run1,env_hit_count,30080000,30.08,0.09756097197532654
run1,env_hit_count,30400000,30.4,0.05000000074505806
run1,env_hit_count,30720000,30.72,0.0476190485060215
run1,env_hit_count,31040000,31.04,0.0714285746216774
run1,env_hit_count,31360000,31.36,0.09090909361839294
run1,env_hit_count,31680000,31.68,0.095238097012043
run1,env_hit_count,32000000,32.0,0.05000000074505806
run1,env_hit_count,32320000,32.32,0.02500000037252903
run1,env_hit_count,32640000,32.64,0.07500000298023224
run1,env_hit_count,32960000,32.96,0.19512194395065308
run1,env_hit_count,33280000,33.28,0.05000000074505806
run1,env_hit_count,33600000,33.6,0.05000000074505806
run1,env_hit_count,33920000,33.92,0.12195122241973877
run1,env_hit_count,34240000,34.24,0.0731707289814949
run1,env_hit_count,34560000,34.56,0.15909090638160706
run1,env_hit_count,34880000,34.88,0.04878048598766327
run1,env_hit_count,35200000,35.2,0.05000000074505806
run1,env_hit_count,35520000,35.52,0.1428571492433548
run1,env_hit_count,35840000,35.84,0.024390242993831635
run1,env_hit_count,36160000,36.16,0.17499999701976776
run1,env_hit_count,36480000,36.48,0.0714285746216774
run1,env_hit_count,36800000,36.8,0.17499999701976776
run1,env_hit_count,37120000,37.12,0.05000000074505806
run1,env_hit_count,37440000,37.44,0.13636364042758942
run1,env_hit_count,37760000,37.76,0.19565217196941376
run1,env_hit_count,38080000,38.08,0.2222222238779068
run1,env_hit_count,38400000,38.4,0.20930232107639313
run1,env_hit_count,38720000,38.72,0.20930232107639313
run1,env_hit_count,39040000,39.04,0.1463414579629898
run1,env_hit_count,39360000,39.36,0.05000000074505806
run1,env_hit_count,39680000,39.68,0.190476194024086
run1,env_hit_count,40000000,40.0,0.190476194024086
run1,env_hit_count,40320000,40.32,0.30434781312942505
run1,env_hit_count,40640000,40.64,0.2380952388048172
run1,env_hit_count,40960000,40.96,0.22499999403953552
run1,env_hit_count,41280000,41.28,0.190476194024086
run1,env_hit_count,41600000,41.6,0.23404255509376526
run1,env_hit_count,41920000,41.92,0.2195121943950653
run1,env_hit_count,42240000,42.24,0.2888889014720917
run1,env_hit_count,42560000,42.56,0.27906978130340576
run1,env_hit_count,42880000,42.88,0.3913043439388275
run1,env_hit_count,43200000,43.2,0.09756097197532654
run1,env_hit_count,43520000,43.52,0.20930232107639313
run1,env_hit_count,43840000,43.84,0.3478260934352875
run1,env_hit_count,44160000,44.16,0.31111112236976624
run1,env_hit_count,44480000,44.48,0.27272728085517883
run1,env_hit_count,44800000,44.8,0.3488371968269348
run3,average_step_rewards,320000,0.32,0.986128568649292
run3,average_step_rewards,640000,0.64,1.8204453140497208
run3,average_step_rewards,960000,0.96,1.1983464881777763
run3,average_step_rewards,1280000,1.28,1.3406179249286652
run3,average_step_rewards,1600000,1.6,1.4105384349822998
run3,average_step_rewards,1920000,1.92,1.538932427763939
run3,average_step_rewards,2240000,2.24,1.7473410665988922
run3,average_step_rewards,2560000,2.56,1.291349545121193
run3,average_step_rewards,2880000,2.88,1.7157921493053436
run3,average_step_rewards,3200000,3.2,1.4709355980157852
run3,average_step_rewards,3520000,3.52,1.3492982983589172
run3,average_step_rewards,3840000,3.84,1.5341508388519287
run3,average_step_rewards,4160000,4.16,1.6414676010608673
run3,average_step_rewards,4480000,4.48,1.6361610442399979
run3,average_step_rewards,4800000,4.8,1.3921370208263397
run3,average_step_rewards,5120000,5.12,1.7654065787792206
run3,average_step_rewards,5440000,5.44,1.3878314197063446
run3,average_step_rewards,5760000,5.76,1.63902185857296
run3,policy_loss,320000,0.32,8.931674528867006e-07
run3,policy_loss,640000,0.64,7.868802640587091e-07
run3,policy_loss,960000,0.96,-5.183392204344273e-07
run3,policy_loss,1280000,1.28,1.3912358554080129e-07
run3,policy_loss,1600000,1.6,-3.334571374580264e-07
run3,policy_loss,1920000,1.92,4.311332304496318e-07
run3,policy_loss,2240000,2.24,3.141467459499836e-07
run3,policy_loss,2560000,2.56,-3.9191218093037605e-07
run3,policy_loss,2880000,2.88,-6.182726792758331e-07
run3,policy_loss,3200000,3.2,-9.289942681789398e-08
run3,policy_loss,3520000,3.52,7.043126970529556e-08
run3,policy_loss,3840000,3.84,-6.657173798885196e-07
run3,policy_loss,4160000,4.16,-3.005698090419173e-07
run3,policy_loss,4480000,4.48,5.507104106072802e-08
run3,policy_loss,4800000,4.8,-5.608017090708017e-07
run3,policy_loss,5120000,5.12,-1.806474756449461e-07
run3,policy_loss,5440000,5.44,-6.899936124682426e-07
run3,policy_loss,5760000,5.76,-3.059249138459563e-07
run3,value_loss,320000,0.32,0.4169844537973404
run3,value_loss,640000,0.64,0.4734058827161789
run3,value_loss,960000,0.96,0.2145954966545105
run3,value_loss,1280000,1.28,0.2778899073600769
run3,value_loss,1600000,1.6,0.28700775653123856
run3,value_loss,1920000,1.92,0.29086975008249283
run3,value_loss,2240000,2.24,0.3474588692188263
run3,value_loss,2560000,2.56,0.23173655569553375
run3,value_loss,2880000,2.88,0.32491254061460495
run3,value_loss,3200000,3.2,0.266512393951416
run3,value_loss,3520000,3.52,0.22249628603458405
run3,value_loss,3840000,3.84,0.266544196754694
run3,value_loss,4160000,4.16,0.30847496539354324
run3,value_loss,4480000,4.48,0.29033685475587845
run3,value_loss,4800000,4.8,0.21090028062462807
run3,value_loss,5120000,5.12,0.32677260786294937
run3,value_loss,5440000,5.44,0.22227675467729568
run3,value_loss,5760000,5.76,0.2847927324473858
run3,dist_entropy,320000,0.32,-1.5077356100082397
run3,dist_entropy,640000,0.64,-1.5077355802059174
run3,dist_entropy,960000,0.96,-1.5077354907989502
run3,dist_entropy,1280000,1.28,-1.5077355206012726
run3,dist_entropy,1600000,1.6,-1.5077355802059174
run3,dist_entropy,1920000,1.92,-1.5077355206012726
run3,dist_entropy,2240000,2.24,-1.5077355206012726
run3,dist_entropy,2560000,2.56,-1.5077354907989502
run3,dist_entropy,2880000,2.88,-1.5077355206012726
run3,dist_entropy,3200000,3.2,-1.5077356100082397
run3,dist_entropy,3520000,3.52,-1.5077356100082397
run3,dist_entropy,3840000,3.84,-1.5077356696128845
run3,dist_entropy,4160000,4.16,-1.507735699415207
run3,dist_entropy,4480000,4.48,-1.5077356100082397
run3,dist_entropy,4800000,4.8,-1.507735550403595
run3,dist_entropy,5120000,5.12,-1.5077354609966278
run3,dist_entropy,5440000,5.44,-1.5077354311943054
run3,dist_entropy,5760000,5.76,-1.507735401391983
run3,actor_grad_norm,320000,0.32,0.9726982414722443
run3,actor_grad_norm,640000,0.64,0.8662619590759277
run3,actor_grad_norm,960000,0.96,0.7986583560705185
run3,actor_grad_norm,1280000,1.28,0.9411192834377289
run3,actor_grad_norm,1600000,1.6,0.9064322263002396
run3,actor_grad_norm,1920000,1.92,1.0156445503234863
run3,actor_grad_norm,2240000,2.24,0.7912652790546417
run3,actor_grad_norm,2560000,2.56,0.6795608624815941
run3,actor_grad_norm,2880000,2.88,0.7129583954811096
run3,actor_grad_norm,3200000,3.2,0.9037167876958847
run3,actor_grad_norm,3520000,3.52,0.935112476348877
run3,actor_grad_norm,3840000,3.84,0.8583590686321259
run3,actor_grad_norm,4160000,4.16,0.8098955601453781
run3,actor_grad_norm,4480000,4.48,1.0945315062999725
run3,actor_grad_norm,4800000,4.8,0.7729593887925148
run3,actor_grad_norm,5120000,5.12,0.6077713966369629
run3,actor_grad_norm,5440000,5.44,0.9608530402183533
run3,actor_grad_norm,5760000,5.76,0.8605518341064453
run3,critic_grad_norm,320000,0.32,2.49474561214447
run3,critic_grad_norm,640000,0.64,1.4076147228479385
run3,critic_grad_norm,960000,0.96,0.8626758828759193
run3,critic_grad_norm,1280000,1.28,0.8826611712574959
run3,critic_grad_norm,1600000,1.6,0.8570200577378273
run3,critic_grad_norm,1920000,1.92,0.799427755177021
run3,critic_grad_norm,2240000,2.24,0.8635450378060341
run3,critic_grad_norm,2560000,2.56,0.7086658254265785
run3,critic_grad_norm,2880000,2.88,0.8294370919466019
run3,critic_grad_norm,3200000,3.2,0.7402514219284058
run3,critic_grad_norm,3520000,3.52,0.7231136709451675
run3,critic_grad_norm,3840000,3.84,0.7456985265016556
run3,critic_grad_norm,4160000,4.16,0.7412675246596336
run3,critic_grad_norm,4480000,4.48,0.7085213586688042
run3,critic_grad_norm,4800000,4.8,0.6460409089922905
run3,critic_grad_norm,5120000,5.12,0.7330868020653725
run3,critic_grad_norm,5440000,5.44,0.6136015951633453
run3,critic_grad_norm,5760000,5.76,0.6772722229361534
run3,ratio,320000,0.32,1.0000002086162567
run3,ratio,640000,0.64,0.9999999850988388
run3,ratio,960000,0.96,1.0000000596046448
run3,ratio,1280000,1.28,0.9999999403953552
run3,ratio,1600000,1.6,1.0000000447034836
run3,ratio,1920000,1.92,1.0000000596046448
run3,ratio,2240000,2.24,0.9999998360872269
run3,ratio,2560000,2.56,1.0000000894069672
run3,ratio,2880000,2.88,1.0000001043081284
run3,ratio,3200000,3.2,1.0000001192092896
run3,ratio,3520000,3.52,1.0000000596046448
run3,ratio,3840000,3.84,0.9999999701976776
run3,ratio,4160000,4.16,1.0000000298023224
run3,ratio,4480000,4.48,1.0000000596046448
run3,ratio,4800000,4.8,1.0000000447034836
run3,ratio,5120000,5.12,0.9999998658895493
run3,ratio,5440000,5.44,1.0000002682209015
run3,ratio,5760000,5.76,1.0000000298023224
run3,env_success,320000,0.32,0.3333333432674408
run3,env_success,640000,0.64,0.4025973975658417
run3,env_success,960000,0.96,0.26229506731033325
run3,env_success,1280000,1.28,0.3283582031726837
run3,env_success,1600000,1.6,0.3194444477558136
run3,env_success,1920000,1.92,0.380952388048172
run3,env_success,2240000,2.24,0.46875
run3,env_success,2560000,2.56,0.28169015049934387
run3,env_success,2880000,2.88,0.453125
run3,env_success,3200000,3.2,0.3478260934352875
run3,env_success,3520000,3.52,0.2985074520111084
run3,env_success,3840000,3.84,0.3529411852359772
run3,env_success,4160000,4.16,0.43939393758773804
run3,env_success,4480000,4.48,0.4029850661754608
run3,env_success,4800000,4.8,0.29411765933036804
run3,env_success,5120000,5.12,0.469696968793869
run3,env_success,5440000,5.44,0.31343284249305725
run3,env_success,5760000,5.76,0.4153846204280853
run3,env_hit_count,320000,0.32,0.3333333432674408
run3,env_hit_count,640000,0.64,0.4025973975658417
run3,env_hit_count,960000,0.96,0.26229506731033325
run3,env_hit_count,1280000,1.28,0.3283582031726837
run3,env_hit_count,1600000,1.6,0.3194444477558136
run3,env_hit_count,1920000,1.92,0.380952388048172
run3,env_hit_count,2240000,2.24,0.46875
run3,env_hit_count,2560000,2.56,0.28169015049934387
run3,env_hit_count,2880000,2.88,0.453125
run3,env_hit_count,3200000,3.2,0.3478260934352875
run3,env_hit_count,3520000,3.52,0.2985074520111084
run3,env_hit_count,3840000,3.84,0.3529411852359772
run3,env_hit_count,4160000,4.16,0.43939393758773804
run3,env_hit_count,4480000,4.48,0.4029850661754608
run3,env_hit_count,4800000,4.8,0.29411765933036804
run3,env_hit_count,5120000,5.12,0.469696968793869
run3,env_hit_count,5440000,5.44,0.31343284249305725
run3,env_hit_count,5760000,5.76,0.4153846204280853
